date,tavg,tmin,tmax,prcp,wspd,pres
1/1/2016,28.6,15.7,35.3,0,6.3,1008.7639084507042
2/1/2016,26.9,15,33.2,0,5.5,1008.7639084507042
4/1/2016,27.1,14,34,0,6.4,1015.3
5/1/2016,27.3,14.8,32.6,0,5.8,1014.4
6/1/2016,27.4,15.2,33.3,0,4.9,1014.2
7/1/2016,26.7,19,32.1,1,5.7,1008.7639084507042
9/1/2016,26.6,17.2,32.3,0,6.2,1013.8
10/1/2016,26.3,16.4,33.8,0,6.8,1014.1
11/1/2016,26.5,17,33.7,0.4,7.2,1008.7639084507042
12/1/2016,25,18.4,30,0,7.5,1008.7639084507042
14/1/2016,24,17.6,28,0,7.2,1012.6
15/1/2016,24,17.2,27.2,0.6,7.6,1012.2
16/1/2016,24.4,17.2,28.4,0,5.6,1008.7639084507042
17/1/2016,23.9,16.5,29,0,6.5,1011.5
18/1/2016,24,16,28.8,0,6.7,1008.7639084507042
19/1/2016,23.8,15,28.2,0,9.4,1012
21/1/2016,25.2,15.2,30.2,0.01,9.4,1008.7639084507042
22/1/2016,25.6,20.8,31.6,0.31,11.5,1008.7639084507042
23/1/2016,26.4,16,33.8,0,8.4,1014.4
24/1/2016,27,16.4,33,0.43,7.7,1014.5
25/1/2016,25.3,15.1,31.4,0.01,6.4,1013.6
27/1/2016,24,17.6,29,0,8.5,1008.7639084507042
28/1/2016,26,14,32,0.47,6.7,1008.7639084507042
29/1/2016,27.1,17,32.8,1.06,6.8,1008.7639084507042
30/1/2016,27.1,18.2,32,0.79,8.7,1008.7639084507042
31/1/2016,26.8,18,31,0.04,7.2,1013.3
1/2/2016,26.9,18.6,31.6,2.8,7.6,1014.2
2/2/2016,26.8,17.5,33,0.98,7.5,1014.2
3/2/2016,25.7,15,32.4,0,7.3,1013.8
4/2/2016,24.9,14.3,30.4,0.75,7.8,1013.1
5/2/2016,24,16.4,28,0.03,8.3,1008.7639084507042
6/2/2016,24.1,16.9,27.4,0,7.6,1011.7
7/2/2016,23.7,16.8,32.23757721,0,10.453587366975626,1008.7639084507042
8/2/2016,24.7,16,29.8,0.08,7.3,1013
9/2/2016,25.8,17.6,30,0.24,8.3,1012
10/2/2016,26.2,19.2,30.2,0.04,7.6,1011.9
11/2/2016,24.3,19.1,27.4,0.24,10.6,1012.3
12/2/2016,24,17.7,27.2,0.91,10.2,1013
13/2/2016,24.2,16.8,28,0.08,10.1,1013.6
14/2/2016,25.1,16.4,30,1.46,10.4,1008.7639084507042
15/2/2016,25.6,16.4,30,2.05,7.5,1008.7639084507042
16/2/2016,26.1,18.6,31.4,1.54,9,1012.6
17/2/2016,26.4,21.4,31,2.01,8.6,1013
18/2/2016,26.7,18.6,31,3.58,7.4,1012.4
19/2/2016,26.8,20.7,31,0.63,9.2,1008.7639084507042
20/2/2016,28,21,31,3.66,9.1,1014.3
21/2/2016,28.6,21.4,32,1.93,8.8,1013.2
22/2/2016,27.1,18.6,32,0.71,10.4,1013.6
23/2/2016,26.3,17.4,31,0.16,8.7,1011.2
24/2/2016,25.7,20,30,0.28,9.7,1011.2
25/2/2016,25.9,19.6,30,0.04,8.2,1012.2
26/2/2016,26.8,18.8,31,0.24,5.8,1013
27/2/2016,28.1,20.2,33,0,7.3,1012.8
28/2/2016,27.8,22,31.8,0.39,7.6,1013.8
29/2/2016,28.2,23,32,0,6.4,1008.7639084507042
1/3/2016,29.3,20.2,34.2,0.12,6.7,1011.8
2/3/2016,29.7,23.2,33.2,0.02,7.2,1012.4
3/3/2016,31.3,24.6,35,0.01,9,1013.5
4/3/2016,28.4,23,33.6,1.02,8.9,1012.9
5/3/2016,28.9,20.7,33,2.68,8.5,1011.2
6/3/2016,28.1,19.9,33,2.87,8.8,1011.3
7/3/2016,28.6,20,33,2.24,7.8,1008.7639084507042
9/3/2016,29.2,22.6,34,3.11,10.7,1010.7
10/3/2016,29.9,19.2,35,0.87,9.2,1011.1
11/3/2016,30,22.4,35,1.61,9.9,1008.7639084507042
12/3/2016,28,21.6,31.6,3.43,10.2,1011.2
13/3/2016,26.9,23,30.2,1.1,10.4,1012.6
14/3/2016,26.7,20.6,30,0,11.6,1012.9
15/3/2016,28.2,22.3,31,0.2,10.9,1011.4
16/3/2016,27.3,21.2,30.2,0.35,9.8,1011.1
17/3/2016,27.8,22,31,0.16,8.2,1011.5
18/3/2016,29.3,21.6,33,0.2,8.3,1011
19/3/2016,31.9,23.4,37,0.16,8.9,1010.7
20/3/2016,31.2,26.8,37,0.08,9.9,1008.7639084507042
21/3/2016,30.7,23.3,35.6,0.08,10.3,1011.2
22/3/2016,30.3,20.4,34.6,0.51,9.3,1008.7639084507042
23/3/2016,31.6,21.5,37.6,0.08,9.8,1008.4
24/3/2016,28.9,23.4,32.2,0.24,10.7,1010.7
25/3/2016,28.4,24,32.2,0.08,10,1008.7639084507042
26/3/2016,29.3,23.8,31.8,0.12,8.5,1011.5
27/3/2016,31.3,23.4,36,0,8.2,1008.7639084507042
28/3/2016,30.6,21,35.2,0.03,9.1,1011
29/3/2016,29.1,22.2,33.6,0.87,9.3,1011.6
30/3/2016,29.1,22.2,34,0.01,9.6,1011.9
31/3/2016,28.4,22.8,33,0.02,10.8,1008.7639084507042
1/4/2016,28.3,23.4,32,0.04,10.5,1008.7639084507042
2/4/2016,28.2,23.4,31.6,0.2,10.6,1010.1
3/4/2016,28.7,23.4,31.2,0.16,10.4,1008.7639084507042
4/4/2016,29.4,23.6,32,0.43,9.3,1008.7639084507042
5/4/2016,28.7,24.8,31.8,2.13,11.1,1009.4
6/4/2016,29,22.5,32,0.2,9.6,1010.5
7/4/2016,30.1,23.4,33.6,0.01,10.8,1009.9
8/4/2016,31.2,24,36,0.02,11.6,1009.2
9/4/2016,30.8,25.4,35,0.16,11.4,1009.4
10/4/2016,30.6,23.8,34,2.13,12.3,1010.7
12/4/2016,31.1,24.2,35.8,0.55,11,1008.8
13/4/2016,29.1,23.4,33,0,10.8,1007.8
14/4/2016,29.4,22.8,34,0.59,8.4,1007.6
15/4/2016,29.8,22.2,34,0.12,11.6,1008.5
16/4/2016,29.2,23.4,32.4,3.54,12.1,1008.7
17/4/2016,29.1,22.7,32.4,1.22,9.7,1008.6
18/4/2016,30.2,24.4,33.4,2.36,10.7,1007.9
19/4/2016,30.7,25,34,3.46,12.1,1008.1
21/4/2016,29,25.3,32.2,0.35,10.5,1009.7
22/4/2016,28.6,24,31.6,0,12.2,1009.9
23/4/2016,29,26.2,32,0.31,12.3,1008.2
24/4/2016,29.1,25.4,32.4,0.51,10.5,1007.2
25/4/2016,29,24,32.2,0.04,8.8,1007.8
26/4/2016,29.8,22.6,33.2,0,9.8,1009
27/4/2016,33,25.4,37.8,1.5051859799713876,11.5,1007.3
28/4/2016,31.6,25,36,1.5051859799713876,10,1006.8
29/4/2016,30.3,25.9,33.4,1.5051859799713876,10.5,1008.4
30/4/2016,29.9,25,34.2,1.5051859799713876,10.6,1009
1/5/2016,29.9,25,33.6,1.5051859799713876,10.1,1008.4
2/5/2016,30.2,25.6,33.4,0,10.9,1008.6
3/5/2016,30.2,24.8,34,0.01,9.7,1007.9
5/5/2016,30.1,26.8,33.2,0.02,9.4,1008.6
6/5/2016,29.8,25.4,32.8,2.52,11,1008.6
7/5/2016,29.9,25.1,32.6,0.16,10,1008.4
8/5/2016,30.2,26.2,33.2,1.26,11.1,1009.5
9/5/2016,30.1,26.5,33.2,0.04,9.1,1008.9
10/5/2016,30.2,26.4,33.6,0,9,1008.5
12/5/2016,30.4,26.1,33.2,2.48,11.9,1006.7
13/5/2016,30.8,26.5,33.6,0.01,11.2,1006.8
14/5/2016,31.2,27.4,33.8,0,12,1007.9
15/5/2016,30.9,25.8,34,3,11,1007.5
16/5/2016,30.8,26.8,33.6,0.2,10.9,1005.2
17/5/2016,30.8,27.4,34.3,1.02,11.6,1003.2
18/5/2016,31,27.8,34.2,0,13.2,1008.7639084507042
19/5/2016,31.3,28.6,34,2.01,14.2,1002.4
20/5/2016,31.4,29.2,34.4,0,13.8,1004
21/5/2016,31.3,29,34.6,0.75,16.3,1006.2
22/5/2016,31.5,29,34.6,1.61,14.7,1007.7
23/5/2016,31.5,28.9,34.8,1.46,16.3,1008.7639084507042
24/5/2016,31.6,29,35,1.5051859799713876,15.4,1007.6
25/5/2016,31.4,29.2,35,0.02,15.5,1006.9
26/5/2016,31.6,29,35.2,0.03,15.1,1007.5
27/5/2016,31.6,28.8,35,0,13.3,1008.4
28/5/2016,31.4,28.8,35,0.01,13.1,1007.9
29/5/2016,31.6,29,34.2,0.28,14.2,1007.3
30/5/2016,31.6,29,35,0.35,12.9,1006.6
31/5/2016,32.1,27.7,35,2.32,12.9,1007.3
1/6/2016,32,29,34,2.05,16.7,1008.7639084507042
2/6/2016,32.2,29,32.23757721,0.08,10.453587366975626,1008.7639084507042
3/6/2016,31.9,28,34.8,0.02,12.5,1006.5
4/6/2016,31.7,28.8,34.2,0.01,14.2,1006.4
5/6/2016,30.8,27.6,33.2,0.04,12.8,1006.7
6/6/2016,31.3,29.3,34,0.63,11.3,1008.7639084507042
7/6/2016,31.6,28.6,34,1.26,11.9,1005.9
9/6/2016,31.9,29,34.6,2.09,14.1,1005.1
10/6/2016,31.7,29.2,34.6,0.08,12.8,1005.8
11/6/2016,29.6,26,31.2,0.08,13.3,1006.8
12/6/2016,31.7,27.4,34.4,1.14,15,1006.5
13/6/2016,31.8,29,34.8,0.79,16.5,1007.1
14/6/2016,31.4,28.8,34.8,0.08,15.9,1006.3
18/6/2016,31.4,25.1,33.4,1.69,15.6,1005.1
19/6/2016,28.8,25,32,0.67,12.5,1004
20/6/2016,27.7,23.2,29.2,0.24,9.6,1002.5
25/6/2016,26.7,24.3,27,0.2,13.1,1004.9
26/6/2016,26.6,23.4,29.4,0.12,13.5,1004.5
27/6/2016,27.1,24.4,29,0.63,11.9,1002.7
28/6/2016,26.7,24.6,29,1.5,9.7,1002.3
29/6/2016,26.6,23,28,3.74,11,1003.8
30/6/2016,26.9,24.6,31,1.5,13,1003.6
1/7/2016,27.8,23.6,30,0.39,10.5,1008.7639084507042
2/7/2016,27.2,24.6,28,0.08,16.7,1001.7
3/7/2016,27.9,24.8,30,0.2,16.4,1002.2
4/7/2016,27.6,24.5,30.4,0.71,13.3,1003.6
5/7/2016,27.4,24.1,31,0,12.4,1003.7
6/7/2016,28.7,24.2,30,0,12.8,1004.1
7/7/2016,28.9,25.9,29.2,0.16,13.9,1005
8/7/2016,28.4,28,29.4,0.04,14.4,1004
9/7/2016,28.8,25.4,30,0.04,16.9,1002.6
12/7/2016,28.4,27,30,0,16.6,1002.9
13/7/2016,28.2,24,30.4,1.5051859799713876,16.6,1008.7639084507042
14/7/2016,27,25,30.4,0,12.2,1004
15/7/2016,28.2,24.3,31.4,1.5051859799713876,12.8,1004.9
16/7/2016,28.1,26,30.8,0.08,14.6,1005.4
17/7/2016,27.6,23.9,31.6,0.12,11.8,1007.5
18/7/2016,27.3,24.4,29,0.35,13.5,1008.2
19/7/2016,26.4,23.4,27,0.31,13.2,1008.1
20/7/2016,27.5,24,30,0.16,12.5,1008.7639084507042
21/7/2016,26.1,23.7,27.8,0.08,7.2,1006.1
22/7/2016,27.6,23.6,29.2,0.03,12.8,1004.6
23/7/2016,27.5,23.6,31.7,0.08,11.7,1003.9
24/7/2016,27.7,24.2,30,0.16,9.2,1004.2
25/7/2016,27.7,24.7,29.4,0.59,8.5,1004.8
26/7/2016,26.4,25,28,0.55,8.7,1005.6
27/7/2016,25.9,23.4,29,0.43,8.7,1006.4
28/7/2016,25.8,22.9,29.4,0.24,8.4,1006.8
29/7/2016,25.8,22.4,28,0.02,7.7,1006.1
30/7/2016,27.1,23,29,0.28,11.3,1005.3
31/7/2016,26.5,25,28,0.43,12.9,1006.2
5/8/2016,26.9,24,28,0.98,17.3,1002.6
7/8/2016,28.4,25.2,30,0.35,17.2,1004.8
11/8/2016,27.8,24.9,30.4,0.51,16.4,1007.7
12/8/2016,28.1,25.1,30.4,0.01,16,1008.7639084507042
13/8/2016,28.5,25.9,30.6,0,16.1,1007.1
16/8/2016,28.6,26.2,30.6,0.63,17.1,1008.7639084507042
17/8/2016,28.3,26,31.2,0.12,15.7,1004.9
18/8/2016,28.5,24.4,31,0.2,14.7,1004.8
19/8/2016,28.3,25.7,31,0,15,1008.7639084507042
20/8/2016,28.6,25.4,30.2,0.03,14,1005.1
21/8/2016,28.6,25.8,30.6,0,14.1,1005.3
22/8/2016,27.8,27,30.2,0.04,14.1,1006.1
23/8/2016,27.2,23.8,29,0.02,12.8,1008.7639084507042
24/8/2016,28.1,24.7,30.6,0.31,14.1,1008.7639084507042
25/8/2016,28.3,24.8,31.8,0,14.8,1008.7639084507042
26/8/2016,26.3,24.4,28,0.08,7.8,1006.6
27/8/2016,25.7,24,27,0,7.8,1006.5
28/8/2016,26.8,23.7,28,0.35,11.4,1006.4
29/8/2016,27.9,25,30.8,0.02,11.9,1006.2
30/8/2016,27.9,25.5,29.8,0.04,11.9,1005.4
31/8/2016,28.2,25,30.8,0,11.9,1005.8
1/9/2016,28.2,25.4,32.23757721,1.5051859799713876,10.453587366975626,1008.7639084507042
2/9/2016,27.2,25.2,30,0.35,12.2,1008.7639084507042
3/9/2016,27.4,23.6,30.2,0,10.5,1007.6
4/9/2016,28.4,23.9,31.2,0.08,14.1,1009.8
5/9/2016,28.4,25.2,31.2,0.01,14.4,1010.6
6/9/2016,28.4,25.2,31.2,0,12.3,1010.6
7/9/2016,27.6,25.4,30.6,0,13.4,1009.6
8/9/2016,27.9,24,31.4,0,10.2,1008.7639084507042
9/9/2016,27.2,24,31.8,0,10.7,1010.8
10/9/2016,27.8,22.6,30.8,0,10.6,1009.9
11/9/2016,27.8,24.2,30.8,0,10.9,1008.6
12/9/2016,28.3,23.4,31.4,0,10.1,1008
13/9/2016,28,23.6,30,0,9.4,1008.4
14/9/2016,28.9,23.9,31,0.2,9.2,1008.1
15/9/2016,26.2,25,29,0,11.3,1006.7
16/9/2016,26.9,23.4,28,0,8.9,1005
17/9/2016,26.7,23,29,0,11.5,1008.7639084507042
18/9/2016,26.3,23.6,27,0,14.5,1005.4
19/9/2016,26.6,23,29,0,12.2,1008.1
20/9/2016,25.2,23,28,0,10.4,1008.2
21/9/2016,25.9,22,27,0,10.7,1008
22/9/2016,27.1,22.8,29,0,12,1007.8
23/9/2016,27,24.2,28,0,12.1,1005.9
24/9/2016,27.3,23,29,0,11,1004.9
25/9/2016,27.4,23.4,29.2,0,10.4,1006.3
26/9/2016,28.7,24.8,31,0,11.4,1008.3
27/9/2016,28.1,25.2,29.4,0,12.2,1009.2
28/9/2016,28.3,24.4,30,0,10.9,1008.7639084507042
29/9/2016,28.3,24.4,31,0,10.9,1008.1
30/9/2016,28,22.5,30.8,0,9.9,1007.6
1/10/2016,26.3,24.5,28,0,10,1007.4
2/10/2016,25.1,23,26.2,0,10.5,1008.3
3/10/2016,25.7,23,27.2,0,9.2,1007.4
4/10/2016,25.6,23.4,27,0.8,9.8,1007.7
5/10/2016,26.3,22.4,29,0,10.5,1008.5
6/10/2016,26.9,23.3,31,0,11.6,1008.9
7/10/2016,27.7,24,31,0,11.5,1008.8
8/10/2016,28,23.4,31.6,0,11.6,1008.9
9/10/2016,28.2,23.6,31,0,9.9,1008.7
10/10/2016,28.7,24.8,31.2,0,8.7,1008.7
11/10/2016,28.5,24,31.6,0,9.9,1009.5
12/10/2016,28.2,23.4,31.4,0.2,10.1,1009.4
13/10/2016,28.2,22.6,34,0,11.1,1009.9
14/10/2016,29.1,22.4,33.2,0,10,1009.9
15/10/2016,29.4,21.5,33.3,0,9.3,1010
16/10/2016,29.6,24.8,32.8,1.2,9.2,1010.8
17/10/2016,30.3,24.4,34,0,9,1010.3
18/10/2016,31.4,25,36,1.6,9.2,1009.3
19/10/2016,30.8,22.6,35,2.4,9.6,1008.6
20/10/2016,29.7,20.6,34.8,2,8.3,1008
22/10/2016,29.1,23.4,33,0.4,9.2,1010.4
23/10/2016,28.8,23.2,32.23757721,0,10.453587366975626,1008.7639084507042
24/10/2016,28.6,23.6,33,0,9.1,1010.8
25/10/2016,28,23.4,31,0,11.6,1010.6
26/10/2016,28,18.8,33,0,7.5,1010.7
28/10/2016,29.3,19.8,35,0.4,9.7,1011.1
29/10/2016,28.7,20.2,34,0.2,8.4,1010.5
30/10/2016,29,18.2,34,0,8,1011
31/10/2016,30.8,20.2,35.8,0,9.9,1012.4
1/11/2016,30.4,22.2,36,0,10.1,1008.7639084507042
2/11/2016,30,22,35,0,11.9,1011.7
3/11/2016,28.9,20.4,34.8,0,9,1011.7
4/11/2016,28,18.2,33,1.6,9.3,1010.6
5/11/2016,28.2,19,34,0,9,1009.5
6/11/2016,28.5,19,34,0,8.3,1010.9
7/11/2016,27.9,18.5,33,0,9.1,1012.7
8/11/2016,28.6,16.7,35,0,8.4,1013.2
9/11/2016,28.2,17,35,0,7.8,1013.7
10/11/2016,27.2,16.4,33,0,7.7,1012.9
12/11/2016,28.4,17,35,0,7.6,1012.4
13/11/2016,28.3,19.4,34,2.2,9.8,1013.1
14/11/2016,28.2,19,34,1.6,7.4,1012.6
15/11/2016,28.8,19.6,35,0,10.453587366975626,1011.5
16/11/2016,29.9,22,35.4,0,8.5,1011.8
17/11/2016,29.9,23.2,35.4,0,10.7,1012.7
18/11/2016,28.7,21.8,33,0,11.3,1011.9
19/11/2016,28.3,21,35,0,8.5,1010.4
20/11/2016,27.1,16.4,34.4,0,7.9,1010.9
21/11/2016,27.7,16.4,35.2,0,7.6,1011.2
22/11/2016,28.1,17.6,35,0,8.2,1011
23/11/2016,29,17.2,35.4,0,8.3,1010.7
24/11/2016,28.7,18.8,34.8,3.4,9.5,1011
25/11/2016,28.3,18.4,34.8,2.6,8.4,1011
27/11/2016,28,16.6,35,1.6,7.2,1011.9
28/11/2016,28.4,18,35,0,7.2,1011.5
29/11/2016,27.4,19.2,32.4,0,7.4,1012.4
30/11/2016,27.6,18.6,32.4,0,5.6,1012.8
1/12/2016,28,17.6,33,0,6.2,1012.3
2/12/2016,27.9,18.4,35.2,0.2,7.7,1011.9
3/12/2016,28.9,18.8,35,3.2,9.2,1012.7
4/12/2016,29.5,22.6,36,0,10.1,1013.8
5/12/2016,29.8,23.6,34.6,0.2,9.4,1013.2
6/12/2016,28.1,22,34.2,0,7,1012.7
7/12/2016,27.4,17.4,34,0.2,8.8,1008.7639084507042
8/12/2016,27.1,17.6,33,0,8,1013
9/12/2016,26.1,17,33.5,0,6.8,1012
10/12/2016,25.8,15.7,31,0,6.5,1011.5
11/12/2016,25.3,15,30.4,0,8.4,1010.7
12/12/2016,27.2,15.8,33,0,6.2,1008.7639084507042
13/12/2016,28.2,16.2,34,0,7.8,1009.8
14/12/2016,28.8,18.2,34.6,0,8.3,1010.7
15/12/2016,29.3,22.6,33.6,0,8.3,1011.8
17/12/2016,29.2,21,34,0,10.2,1013.7
18/12/2016,28.2,18.8,33,1.8,9.4,1014.3
19/12/2016,26.6,17,32,0,8.1,1013.9
20/12/2016,27.3,18.5,34,0,8.5,1013
21/12/2016,27.4,16.4,34,0,8.3,1014.2
22/12/2016,26.2,16.5,32,0.2,6.1,1014
23/12/2016,26.6,16,32,1.8,6.7,1012.1
24/12/2016,25.9,16,31,1.8,5.3,1010.2
25/12/2016,26.1,16.3,32,0,5,1011.1
26/12/2016,26.8,15.9,33,0.6,6.2,1012.2
27/12/2016,26.6,15.4,32,1.6,7.9,1012.3
28/12/2016,26.6,17.2,33,3.2,8.4,1012.4
30/12/2016,27.3,15.8,34.8,0,8.5,1013.1
31/12/2016,26.5,16.8,32,0.2,6.2,1012.6
1/1/2017,25.9,16.5,31,0,6.1,1012.7
2/1/2017,26.3,16.2,33,0,5.8,1013.7
3/1/2017,26.1,15.4,32.4,0,9,1013.7
4/1/2017,25.6,14.4,31,0,6.7,1013.4
5/1/2017,25.2,14.7,31,0,6.7,1012.8
6/1/2017,24.1,14.6,28.2,0,8.4,1012.5
7/1/2017,24.2,15.9,28,0,8.5,1011.2
8/1/2017,24.6,17.2,29,1.2,8,1010.5
9/1/2017,24.5,16.8,29,0,8.9,1011.3
14/1/2017,25.5,16.4,32,0,10,1012
15/1/2017,25.8,18.2,31.8,2.6,7.7,1014
16/1/2017,25.5,17.4,30.4,0.2,4.7,1014.5
18/1/2017,24.8,15.4,29.2,1,6.5,1014.3
19/1/2017,26.3,17,32,0,8.1,1014.8
20/1/2017,26.3,17.1,31.6,0.4,7.2,1014.7
21/1/2017,27.1,16.5,32,0,8.2,1015
22/1/2017,28.2,18,33.2,0,8,1015.5
23/1/2017,29.3,18.4,35,0,8.2,1014.9
24/1/2017,29.1,19.4,35,0,7.2,1014.1
25/1/2017,28.5,19,34,0,7.1,1014.4
26/1/2017,27.1,18.8,32,0,9.3,1014.1
27/1/2017,25.1,16.4,31,0,10.2,1008.7639084507042
28/1/2017,28.5,17,35.4,0,10.3,1013.3
29/1/2017,28.6,17.1,34,0,9.2,1013.4
30/1/2017,27.9,17.4,34,0,7.7,1012.9
1/2/2017,26.9,15.9,32.2,0,4.6,1008.7639084507042
2/2/2017,27.7,18.2,32,0,7.8,1008.7639084507042
3/2/2017,26.4,18.5,30.2,0,7.2,1014.1
4/2/2017,25.2,18.6,28.2,0,8.5,1013.6
5/2/2017,24.1,19.9,28,0,11.8,1014
7/2/2017,25.3,14,30,0.2,7.7,1013
8/2/2017,26.1,17.6,30,0.4,8.5,1013.1
9/2/2017,26.7,16.8,33,0,8.1,1012.3
11/2/2017,24.9,17.5,29,0,9.4,1012.1
12/2/2017,25.3,15.8,30,0,7.8,1013.8
13/2/2017,27.8,16.4,34,0.6,6.7,1014.2
15/2/2017,30.2,19.3,37,0.4,9.5,1016.3
16/2/2017,30.1,19.6,36,1,8.7,1014.5
17/2/2017,30.7,20,38,0,8.9,1013.3
19/2/2017,30,19.5,35.6,0,8,1008.7639084507042
20/2/2017,28.9,19.4,34,0,10.2,1010.8
21/2/2017,26.2,20.4,30,2.8,10.3,1011
22/2/2017,26.2,18.8,30,1,10,1012.2
23/2/2017,28.3,17.4,34,0.2,9.9,1012.6
24/2/2017,29.3,17.2,36,0,8,1012.5
26/2/2017,30.2,17.4,37,0,9.5,1010
27/2/2017,29.8,19.7,35,0,6.4,1010.6
28/2/2017,30.2,18.4,37,0,7.1,1011.5
2/3/2017,29.2,19.3,35,1.6,9.8,1009.8
3/3/2017,28.1,20.5,33,0,9,1008
4/3/2017,27.3,18,32.4,0,9,1008
5/3/2017,28.1,18.5,33,1.4,9.1,1008.4
6/3/2017,27.3,19,32,2.6,8.7,1008
7/3/2017,27.1,18.4,30.4,0,9.3,1008.3
8/3/2017,27.6,19.8,31.6,0.8,8.5,1008.5
9/3/2017,27.7,20.8,32,0,9.8,1008.5
10/3/2017,26.9,20.7,29.4,0,13.3,1009.5
11/3/2017,26.4,22,29,0,11.8,1011.9
12/3/2017,25.6,17.4,29,0,11,1012.1
13/3/2017,27.4,15.2,32.2,0,7.8,1011
14/3/2017,28.7,16.2,36,0,8.5,1010.6
15/3/2017,28.9,19.4,33,0,8.3,1010.6
16/3/2017,28.5,18.8,34,0,9.1,1008.7639084507042
17/3/2017,28.7,20.4,31.6,0,9.5,1011.3
19/3/2017,27.8,20.6,33,0.4,10.1,1008.7639084507042
22/3/2017,29.2,21.2,33,2,8.9,1011.5
23/3/2017,29.2,21.9,35,3.6,10.5,1010.5
24/3/2017,29.6,21,33,1.6,11.4,1010.2
25/3/2017,30,21.4,34,0,11.9,1010.1
26/3/2017,31.4,22.2,36,0,11.3,1010.5
27/3/2017,32.8,21.5,38.4,0,9.8,1008.7639084507042
28/3/2017,30,24.3,35,0,10.7,1010.4
29/3/2017,29.6,25.1,33,0,10.9,1008.7639084507042
30/3/2017,29.2,25,33,0,9.5,1008.7639084507042
31/3/2017,30.3,24,34,3,9.3,1010.7
1/4/2017,28.9,23,32,0.8,9.5,1008.7639084507042
2/4/2017,29.1,23.4,33.2,0,10.1,1009.7
3/4/2017,29.5,22.7,33.8,0,10.8,1010.1
4/4/2017,29.2,23.8,33,0.8,10.7,1008.7639084507042
5/4/2017,29.6,24.6,33,0.8,10.6,1008.7639084507042
6/4/2017,29,25.4,32.8,1.8,10.8,1008.7639084507042
7/4/2017,28.8,22.8,33,1.2,9.4,1010.1
8/4/2017,29.4,19,34,0,11.5,1009.4
9/4/2017,31.8,20.4,37,0,8.2,1008.2
10/4/2017,31.2,21.2,36,0,7.8,1007
11/4/2017,30.6,24.6,34,0,9.2,1007.7
12/4/2017,30.8,24.6,34,0,9.4,1008.6
13/4/2017,30.8,22,35,0,8.2,1008
14/4/2017,30.2,24.8,34.2,0,10.6,1008
15/4/2017,29.8,25.4,33,0,9.3,1007.2
16/4/2017,31.1,23.3,36,0,9,1007
17/4/2017,29.9,23.8,33,0,8.8,1008.8
18/4/2017,31.1,23.9,36,0.6,10.9,1008.4
21/4/2017,30,25,34,0,12.2,1008.7
22/4/2017,29.9,25.2,34,0.8,10.3,1009.3
23/4/2017,29.9,26,33.2,0.12,10.3,1009.5
24/4/2017,29.7,25.4,32.4,1.57,9.9,1010.1
25/4/2017,29.6,23.8,33,0,10.8,1010.4
26/4/2017,29.5,23.4,33,0.59,11.3,1010.1
27/4/2017,29.8,24,33.2,0.67,10.8,1010.2
28/4/2017,29.9,23,33,1.77,11,1010.1
29/4/2017,29.6,23.4,33.2,0.51,10.7,1010.6
30/4/2017,29.5,23.6,32,0.24,8.5,1010
1/5/2017,30.2,25.4,33.4,0.28,9.6,1009.1
2/5/2017,29.4,24,32,0.75,11.4,1010.2
3/5/2017,29.8,24.2,32.2,0.02,8.8,1010
4/5/2017,30.3,24.4,33.8,0,10.2,1009.7
5/5/2017,31.2,25.5,34,1.5051859799713876,10.4,1009.2
6/5/2017,30.8,26,33.6,1.5051859799713876,10.6,1010
7/5/2017,30.7,27,33.6,1.5051859799713876,9.2,1010.7
9/5/2017,30.7,24.6,34,0.55,10.3,1008.4
10/5/2017,30.5,24.6,33.2,0.16,9.2,1008.3
11/5/2017,30.8,25,33.8,0.16,10.7,1008.6
13/5/2017,31.3,25.5,34,3.66,9.9,1006.9
14/5/2017,31.1,26.4,34.4,3.62,11.2,1007.1
16/5/2017,30.7,25.8,33.4,1.34,10.4,1006.2
17/5/2017,30.8,27.7,34,0.16,11.5,1006.7
18/5/2017,31.4,26.6,34,0.91,11.5,1007.6
19/5/2017,30.8,26.4,33.4,3.07,11.6,1009.3
20/5/2017,30.8,25.7,33.6,1.61,11.7,1007.8
21/5/2017,30.9,25.8,34,1.22,12.3,1006.8
23/5/2017,31.6,26.6,34.4,0.28,10.9,1007.3
24/5/2017,31.1,26.6,34,1.97,10.5,1006.5
25/5/2017,31.1,28,34,0.98,13.7,1006
26/5/2017,31,27.8,33.8,0.16,14,1005.8
27/5/2017,31.2,27.8,34.2,0.43,14.3,1005.7
28/5/2017,31.6,28.3,35,0.12,17.1,1005.6
31/5/2017,31.6,28.4,34,0.28,15.9,1001.6
1/6/2017,31.2,27.2,34.8,0.08,12.6,1002.3
2/6/2017,31.1,25.4,34,0.01,10.9,1003.4
3/6/2017,31.3,28,34.2,0.24,15.2,1005.1
4/6/2017,31.3,28.4,34.2,0.63,15.7,1005.8
5/6/2017,31.4,28.3,34,0,13.9,1006.4
6/6/2017,31.4,28.5,35,3.31,13.9,1007
7/6/2017,28.8,26.8,34.4,1.5,16,1008.1
8/6/2017,28.6,24.2,32.2,1.73,9,1007.5
10/6/2017,28.3,24.3,30.2,1.1,10.3,1003.8
11/6/2017,28.1,26.8,30.4,0.02,8.6,1002.6
12/6/2017,28.1,24,31.8,1.54,10.9,1002.8
13/6/2017,28.9,24.1,31.6,2.56,10.3,1004
14/6/2017,29.6,28,33.2,0.51,10.8,1005.7
15/6/2017,29.7,25.2,32,1.69,12.1,1006.4
17/6/2017,30.6,26.4,33,0,12.6,1005.5
18/6/2017,31.1,27.4,33.4,2.44,12.9,1005.3
19/6/2017,30.7,27.5,34,0.35,11.9,1004.5
20/6/2017,30.8,26.8,33,0.31,14.8,1004.3
21/6/2017,30,27,33,0.04,16.7,1004.7
22/6/2017,29.6,25.8,32.6,0.16,15.3,1005.2
23/6/2017,30.5,26.6,32.8,0.12,16.8,1004.7
25/6/2017,25.9,22,30,0.24,10.7,1000
26/6/2017,28.4,25.1,29.8,0.04,12.7,1000.9
27/6/2017,28,25,30,0.12,15.9,1001.4
2/7/2017,28.2,24.2,31,0.08,16.4,1003.1
3/7/2017,29.8,25.2,31.6,0.04,16.5,1005
4/7/2017,29.3,26,32,0.24,15.5,1005.9
7/7/2017,29.7,25.5,32.2,0.04,15.6,1006.5
8/7/2017,29.4,28.4,31.4,0.43,15.1,1006.8
9/7/2017,29.4,24.6,32,0.28,11.4,1006.1
10/7/2017,29.4,26.2,32.4,0,11.7,1007.2
11/7/2017,29.7,26,32,0.24,15.4,1007.3
12/7/2017,29.7,27.4,32,0.12,17.3,1006.5
13/7/2017,28.8,26,31,0.12,16.9,1005.1
20/7/2017,27.5,24.6,30,1.77,13.1,999
25/7/2017,28.4,24.8,30,0.28,16,1004.1
26/7/2017,28.6,26.4,30,0.2,16.5,1004.4
27/7/2017,28.3,25.9,30,1.61,16.9,1005
28/7/2017,28.3,25.6,30,0.91,16.9,1006.2
29/7/2017,28.6,25,31,1.22,16.8,1007.1
30/7/2017,28.1,25.6,31,0.35,15.2,1007.5
31/7/2017,27.8,24.9,30.2,0.2,13.2,1007.2
1/8/2017,28.3,24.8,31,0.31,14.9,1007.3
2/8/2017,28.6,26.5,30.8,2.72,14.8,1007.5
3/8/2017,28.6,25.5,30.6,0.12,15.9,1005.9
4/8/2017,29.1,26.1,32,2.17,16.1,1004
5/8/2017,29.1,26,31,0.03,14.6,1003.8
6/8/2017,29.1,26.5,32,0,13.4,1004.1
7/8/2017,28.9,26.4,32,0.02,11,1005
8/8/2017,29,25.6,31.6,1.18,13.4,1005.9
9/8/2017,28.8,26.2,31.6,0.04,13.3,1005.9
10/8/2017,28.8,26.4,39,1.14,14.5,1006.2
11/8/2017,29.1,26.5,31.6,0.04,15.2,1007.1
12/8/2017,28.8,25.1,31.4,0.01,16.9,1007.8
13/8/2017,28.2,25.4,30.6,0.16,15.3,1008.2
14/8/2017,26.8,24.5,29,0.03,11.1,1009.5
15/8/2017,27.6,23.7,29,0,8,1009.1
16/8/2017,28.7,24.6,31,1.5051859799713876,12.4,1007.4
17/8/2017,29.3,26,32,1.5051859799713876,13.8,1005.4
18/8/2017,29.3,26,31,1.5051859799713876,14.4,1004
19/8/2017,27.3,25.6,29,0,9.5,1004.2
20/8/2017,24.6,22.6,28,1.5051859799713876,12.1,1003.2
21/8/2017,25.5,21.8,28,1.5051859799713876,8.4,1001.7
22/8/2017,27.7,22.2,31,0.12,11.7,1003.1
23/8/2017,28.4,26.4,31,0.02,11.5,1006.1
24/8/2017,28.9,25.6,31,0.31,14,1006.5
25/8/2017,26.9,25,29,0,14.4,1004.8
26/8/2017,27.5,24.2,29,0.02,12.2,1002.8
27/8/2017,28,26.4,30,0,13.4,1001.8
28/8/2017,27.1,24.2,29,0,9.8,1000
30/8/2017,27.6,23.2,30.4,1,16.1,1002.2
31/8/2017,28.6,25.8,32,0,15.1,1006.3
1/9/2017,27.9,26,31,0,12.5,1007.7
2/9/2017,27.8,26,31,0,11.2,1007.3
3/9/2017,27.6,25,30.2,0,9.2,1007.8
4/9/2017,29,25.5,31.4,0,9.7,1009.2
5/9/2017,28.9,25.3,31.4,0,9.8,1009.2
6/9/2017,28.9,25.6,31.4,0,8.8,1008
7/9/2017,29.4,25,32,0,9.5,1007
9/9/2017,29.1,26.4,31,0,10.3,1005.8
10/9/2017,29.4,26.4,31.8,0.6,8.9,1006
11/9/2017,31.1,27.5,35,0,10,1006.4
12/9/2017,31.1,27.8,35,0,8.2,1006.9
13/9/2017,28.5,23.6,31,0,8.6,1008.7639084507042
14/9/2017,29.1,25,32.4,0,7.3,1007.3
15/9/2017,28.1,24,31.4,0,7.2,1006.8
18/9/2017,28.5,25.4,31.4,0,11.5,1004.7
19/9/2017,27.2,24.6,31,2.6,11.5,1003.6
20/9/2017,24.9,23.8,27,2.8,12.5,1005
21/9/2017,26.8,24,29,0.6,10,1005.6
22/9/2017,27.7,24.5,31,2.8,9.9,1007.6
23/9/2017,28.6,25.5,32.23757721,0.2,10.453587366975626,1008.7639084507042
24/9/2017,28.7,25.7,32.23757721,0,10.453587366975626,1008.7639084507042
25/9/2017,28.9,25.7,32.23757721,0,10.453587366975626,1008.7639084507042
26/9/2017,29.1,24.5,32.23757721,0,10.453587366975626,1008.7639084507042
27/9/2017,30,26.6,34,0.6,10.5,1008.7639084507042
28/9/2017,30.1,27.4,33,0,9.6,1007.2
29/9/2017,28.7,26,31.2,0,9.9,1007.2
30/9/2017,29.8,25.4,33,0,8.3,1008.7639084507042
1/10/2017,30.4,27,33,0.4,8.9,1007.9
3/10/2017,30.6,25.8,34,1.8,9.6,1006.9
4/10/2017,31.7,25.8,36,0,8.3,1007.2
5/10/2017,31.8,26.2,35,0,8.5,1006
7/10/2017,28.2,24.6,32.4,0,9.1,1006.1
8/10/2017,28.4,24.8,32,0,9.2,1005.5
9/10/2017,28.9,25,31.6,0,8.5,1005.1
10/10/2017,27.9,26,31.2,0,7.2,1004.7
11/10/2017,27.6,25.8,30.4,0,9.7,1004.8
12/10/2017,29.6,26,33,0,10.2,1005.8
13/10/2017,28.8,26.2,32,0,7,1005.8
14/10/2017,28.1,25.8,31,0,7.2,1005.7
15/10/2017,28.4,25.4,31,0,7.6,1006.6
16/10/2017,29.1,24.4,31.8,0,7.2,1007.6
18/10/2017,30.3,25.2,34,0,6.5,1007.3
20/10/2017,29,23.4,32.4,0,7.5,1007.4
21/10/2017,29.2,26.2,32,0,8,1008.3
22/10/2017,29.6,26,32,0,8.3,1009
23/10/2017,30,26,34,0,7.1,1010.2
25/10/2017,30.5,21.4,36,0,7.8,1012.2
26/10/2017,30.8,23.3,36.2,3.4,9.6,1012
28/10/2017,30.1,23.6,35,0,8.7,1011.9
30/10/2017,30.2,22.2,35.8,2.2,8.4,1012.5
31/10/2017,30.3,24.4,35.4,1.4,9.6,1011.1
2/11/2017,30.2,24.4,35,0,10.8,1011.2
4/11/2017,29.2,20.8,34,1.4,9.7,1010.4
5/11/2017,29.6,22.6,35,0,11.2,1010.6
6/11/2017,30.4,23.2,35.4,0,8.6,1010.9
7/11/2017,29.6,23.1,35,0,6.2,1011.2
8/11/2017,29.4,22.4,34,0,7.9,1011.6
9/11/2017,29.7,21.5,35,1.4,8.4,1010.8
10/11/2017,29.1,22.5,34.6,0.2,8.9,1010.7
11/11/2017,28.6,21.4,34,0,8.4,1011.3
12/11/2017,28.3,21.8,33,0,8.9,1009.9
13/11/2017,27.5,19.3,33,0,7.4,1008.6
14/11/2017,27.5,20,32.2,0,6.9,1008.4
17/11/2017,27.9,19.6,33,0,8.4,1009.6
19/11/2017,29.5,18.5,34,0,8.4,1011.3
20/11/2017,28.7,21.4,34,0,7,1011.6
21/11/2017,29.5,22.4,33.2,2.6,8,1010.6
22/11/2017,29.7,24,34,0.6,8.9,1010.2
23/11/2017,28.3,18.8,34,0,7.3,1010.2
24/11/2017,27.4,18.2,32,0,8.1,1012.2
25/11/2017,27.8,19.1,34,0.6,6.6,1012.6
26/11/2017,27.8,20.2,34.6,0,6.8,1012.7
27/11/2017,28.1,19.5,34,3,7.3,1011.8
28/11/2017,27.6,18.5,33,0,6.8,1011.4
29/11/2017,27.9,18.6,33,0,5.9,1012
30/11/2017,28.2,18,34.2,0,7.8,1011.2
2/12/2017,28.7,20,34,1.2,10.9,1010
3/12/2017,28.7,21.6,33,0,8,1010.2
4/12/2017,27.3,23,33,0,9.9,1008.8
6/12/2017,24.4,21.4,27,0,11.2,1009.1
7/12/2017,24.1,18,27,0,7.6,1011.3
8/12/2017,25.7,18.6,29,1.8,7.2,1011.1
9/12/2017,26.2,21.9,29,0,8.6,1011.2
11/12/2017,25.7,21.6,29,0,7,1013.5
12/12/2017,24.9,18.5,28.6,0,8.2,1014.1
13/12/2017,24.2,17.3,27.6,0,7.7,1014.4
14/12/2017,24.1,15.8,28,0,7.6,1014.3
18/12/2017,27.6,18.4,32,1.6,8.1,1016.3
19/12/2017,27.3,19.8,32.8,0,10.9,1015.3
20/12/2017,26.9,17.6,32.8,1.4,7.3,1015.3
21/12/2017,26.9,15.2,33,0,7.8,1015.5
23/12/2017,26.6,16,33,0,8.2,1012.5
24/12/2017,25.9,16.6,32,2.4,5.6,1012
25/12/2017,26.2,16.5,31,0,6.2,1012.8
27/12/2017,26.6,16.6,32,0.6,6.5,1013
29/12/2017,25.4,15.5,31,0,6.9,1012.6
30/12/2017,25.6,16,30,0.2,9.4,1012.7
31/12/2017,25.4,16.3,30,0,7.1,1011.4
1/1/2018,25.1,15.5,31,0,5.7,1010.3
3/1/2018,24.8,16.4,30,1.2,6.9,1011.3
4/1/2018,25.2,16.4,30,0,6.1,1012.5
5/1/2018,25.2,16.8,30,0,7.9,1011.3
6/1/2018,24.6,15.7,30,0,8.4,1011.2
9/1/2018,25.4,16.6,30.4,0,7.4,1013.6
10/1/2018,27.2,17.2,33,0,7.2,1013.9
12/1/2018,28.3,20.2,34,1.8,7.9,1012.4
15/1/2018,29,21,34,0.6,7.9,1012.3
16/1/2018,29.5,21.3,35,0.2,8.4,1010.9
18/1/2018,28.8,19,34,0.2,9.1,1012.1
19/1/2018,27.3,18.2,32,0,8.7,1013
20/1/2018,27,16.8,32.23757721,0,10.453587366975626,1008.7639084507042
21/1/2018,27.3,17,33,2.4,8.7,1010.7
22/1/2018,26,17,30,2.8,7.2,1009.6
23/1/2018,24.3,20.6,29,2.4,10,1010.9
24/1/2018,23.9,15.4,28.4,0.4,9.6,1011.6
25/1/2018,25.2,15.1,31,0,8,1010.7
26/1/2018,25.8,15.6,31,0,7.5,1010.5
27/1/2018,25.2,15.6,30,0.8,6.9,1010.7
28/1/2018,25.1,15,30,0,7.2,1011.7
29/1/2018,26.7,16,32,2.8,6.3,1012.5
30/1/2018,28,17.8,35,2.8,8.5,1013
1/2/2018,27.4,15.8,33,0.01,6.1,1013.2
2/2/2018,27.4,17,32,0,8.4,1011.8
3/2/2018,27.5,16.9,32,0.91,8.8,1011.5
4/2/2018,27.8,17,33,0.98,4.9,1011.3
5/2/2018,27.1,18.4,31,2.09,7.8,1012.8
6/2/2018,27.6,19,34,2.56,8,1013.3
7/2/2018,26.3,21.5,31,0,9.7,1012.2
8/2/2018,25.7,18.2,32,1.5051859799713876,7.6,1012.3
9/2/2018,26.3,16.7,31,1.5051859799713876,8.7,1012.2
10/2/2018,25.3,17.4,29,1.5051859799713876,10.2,1012.8
11/2/2018,24.7,17.8,28,0.04,8.7,1013.2
12/2/2018,24,16.6,28,0,9.4,1015.5
13/2/2018,25.3,15.8,30,0.08,10.9,1016.6
14/2/2018,29,16.8,35,0.79,11.1,1015.4
15/2/2018,29.7,26,34.2,0,12.6,1016
16/2/2018,29.7,20.6,34.6,1.46,8.7,1015.4
17/2/2018,28.9,20.4,33,0.03,9.6,1012.3
18/2/2018,28.4,17.9,33,0.03,8.6,1010.3
19/2/2018,28.2,17.4,34,1.61,7.8,1010.3
20/2/2018,27.7,19.4,33,0.02,9,1010.7
21/2/2018,28.8,19.2,32.2,0.08,10.1,1009.4
22/2/2018,28.6,19.6,33,0.51,9.2,1008.7
23/2/2018,28.7,20.4,33,0.24,8.3,1009.3
24/2/2018,30.2,19.7,35,0.01,5.9,1011
25/2/2018,30.7,20.5,37,0,8.1,1011.6
26/2/2018,30.6,20.6,36,0.24,9.1,1010.9
27/2/2018,30.9,20.6,38,0.08,8.4,1009.8
28/2/2018,30.6,21,37,1.06,5.9,1009.7
1/3/2018,29.3,20.2,33,1.54,7.3,1009.4
2/3/2018,29.5,21.4,33.4,0.43,8.1,1009
3/3/2018,29.3,22,35,0.35,6.5,1008.6
4/3/2018,28.4,22.6,31.6,0.28,11.4,1008.9
5/3/2018,28.9,20,33,0.43,9.6,1010
9/3/2018,28.9,19,35,1.18,10,1010.5
10/3/2018,28.9,22.2,33,2.28,10.6,1010.1
11/3/2018,31.7,20.8,38,0.79,9.7,1010.2
12/3/2018,31.3,19.6,39,0.24,11,1010.4
13/3/2018,31.4,22.2,36,0.04,10.7,1010.3
14/3/2018,31.4,23.5,37,0.87,12,1009.9
15/3/2018,28.2,24.8,30,2.76,7.6,1010.1
16/3/2018,29.2,23,34,1.06,9.2,1009.3
20/3/2018,28.2,21,32,2.13,9.6,1011.3
21/3/2018,27.8,21.6,32,0.31,12.8,1011
22/3/2018,27.3,20.6,31,0.24,11.4,1010.6
23/3/2018,27.4,20.5,30.4,0.16,11,1010.2
24/3/2018,29,21.2,33,0,9.4,1010.6
26/3/2018,32.7,22.4,38.4,0.71,8.9,1010.4
27/3/2018,29.1,24.4,32.6,0.39,12.1,1010.4
28/3/2018,28.4,23.6,32.2,0.35,10.2,1010.2
30/3/2018,28.3,22.8,31.4,1.14,10.2,1009.2
31/3/2018,28.4,23.6,32,0.35,10,1009
1/4/2018,28.7,22.2,32,0.71,8.3,1008.3
2/4/2018,29,21,33,0.35,8.3,1008.8
3/4/2018,29.1,22,33,0.02,9.1,1009.1
4/4/2018,29.7,22.5,33,0.01,8.8,1007
5/4/2018,29.6,23.4,33,0.12,9.5,1006.1
6/4/2018,29.4,23.2,32.6,0,10.5,1007.5
7/4/2018,29.8,23.5,33.4,3.31,7.9,1008.6
8/4/2018,29.6,22.3,34,0.63,8.4,1009
9/4/2018,30.1,20.8,34.2,3.11,10.2,1009.4
10/4/2018,29.6,23.1,35,0.47,11,1008.2
11/4/2018,29.4,23.8,34,0.75,10.2,1008.7
12/4/2018,29.1,23.6,32,0.02,10.4,1008.2
13/4/2018,29.4,23.4,33,0.2,10.1,1008.2
14/4/2018,29.6,23.5,32.6,1.22,8.3,1008
15/4/2018,29.8,24.6,33,1.65,8.8,1008.4
16/4/2018,30.3,26.5,33,1.61,10.7,1009.4
17/4/2018,32,26.6,34.6,2.36,10.5,1009.6
18/4/2018,31.8,27.4,36,0.75,10.4,1009.9
19/4/2018,31.6,24.6,35,0.31,9,1007.4
20/4/2018,30.5,23.8,34,1.77,11,1008.5
21/4/2018,30.6,24.2,33.6,0.43,10.3,1008.4
22/4/2018,31.5,24.5,36,0.91,10.3,1008.3
23/4/2018,30.3,23.6,34.2,1.26,10.3,1008.7
24/4/2018,31,24.4,35,2.56,10.4,1008.6
25/4/2018,30.2,23.4,34.2,0.55,11.2,1008.2
26/4/2018,29.4,23.4,32.6,0.31,9.1,1007.8
27/4/2018,29.5,23,32.4,0.51,11.2,1008.4
28/4/2018,29.7,23.8,33.2,0.16,10.3,1008.8
29/4/2018,29.8,25.4,33.2,0.08,11.4,1008.8
30/4/2018,29.7,24.4,33,0.2,10.9,1007.6
1/5/2018,29.8,24.1,33.2,3.35,12.2,1008.2
2/5/2018,29.8,24,33,2.09,10.1,1008.3
3/5/2018,30.1,24.5,34,1.81,10.4,1008
4/5/2018,30.4,25.4,33.4,0.35,9.7,1008.1
5/5/2018,30.7,25.6,33.8,0.43,11.8,1008.5
6/5/2018,30.6,25.6,33.4,0,9.6,1008.7639084507042
7/5/2018,30.9,26.5,34,0,9.5,1009.1
8/5/2018,30.6,25,33.4,0.28,11.2,1008
9/5/2018,31.1,25,34.6,0,11.2,1007.5
10/5/2018,30.7,26.5,33.4,0.43,11.9,1008.6
11/5/2018,31.3,27,34,0.02,11.6,1008.4
12/5/2018,31,27.4,34.6,0,12.3,1008.6
13/5/2018,30.9,25.5,34,0.24,9.7,1007.7
14/5/2018,30.8,25.6,34,0,11.9,1008
15/5/2018,30.9,26.4,33.8,0.43,10.9,1007.5
16/5/2018,30.9,25.8,34,1.02,9.8,1008.7639084507042
17/5/2018,31.6,26.5,34.4,0.12,13.1,1005.6
18/5/2018,31.3,28.6,34.4,0.28,12.4,1006.7
19/5/2018,31.2,27.1,34.2,0.12,12.2,1005.9
20/5/2018,31.2,25.4,34.6,0.59,10.5,1006.3
21/5/2018,31.2,26.5,34.4,0,11.5,1006.5
22/5/2018,30.9,26,35,0.08,11.1,1006.8
23/5/2018,30.9,27.5,33.2,0.47,9.8,1006
24/5/2018,31.3,27.8,34.2,0,11.8,1006
25/5/2018,31.3,28.4,33,0.91,12.6,1006
28/5/2018,31.4,28,34,0.08,13,1008.7639084507042
29/5/2018,31.3,28.3,34.4,0,16.9,1003.7
30/5/2018,31.4,28.2,34.6,0,15.1,1003.8
31/5/2018,31.7,28.4,34.8,0,13.8,1004.3
1/6/2018,31.9,28.3,35.2,1.2,12.9,1005.4
2/6/2018,30.4,25,34.6,3.4,11.3,1006.1
3/6/2018,30.9,23,34.2,0.2,11.5,1005.5
4/6/2018,29.7,23,34.4,2.8,11.6,1004.1
5/6/2018,30.6,21.2,33,0,10.6,1004.4
6/6/2018,31.6,27.4,34,3.6,12.3,1006.3
7/6/2018,28.1,25.2,31,0,8.3,1004.6
8/6/2018,30.6,25.6,33.8,0,12.4,1001.7
9/6/2018,27.6,24.5,30,0,12.3,1008.7639084507042
14/6/2018,30.7,28,33.6,0,14,1005.1
15/6/2018,30.1,28,33.8,0,13.9,1005.4
16/6/2018,27.7,25,31,0,10.6,1006.7
17/6/2018,26.9,22.5,29,0,12.3,1005.9
18/6/2018,27.7,23.6,30.6,0,11.8,1004.3
19/6/2018,29.6,24.5,32.6,0,10.5,1003.8
20/6/2018,30.7,26,32.6,0,10.7,1003.6
22/6/2018,30.6,27.4,32.4,0.6,15.2,1003.8
23/6/2018,25.8,24.2,30,0,11.6,1008.7639084507042
24/6/2018,26.4,22.8,27,0.6,13.5,1003.6
25/6/2018,27.9,22.8,29.4,0,16.6,1002.3
29/6/2018,27.6,24,31,0,9.2,1002
30/6/2018,28.2,22.1,32.2,0,12.9,1004.2
1/7/2018,28.9,23.7,32.6,0,14.5,1005
2/7/2018,27.3,25,30,0,15.3,1004.4
3/7/2018,26.6,22.3,28,0,9.2,1004.6
4/7/2018,28,23.2,30.6,0,16.8,1004.5
6/7/2018,29.2,24.2,31.2,1.5051859799713876,15.5,1004.8
7/7/2018,27.6,25,29,0,15.1,1003.7
8/7/2018,25.5,22.6,28,0,11.6,1003.1
9/7/2018,25.6,22.2,28,1.5051859799713876,9.6,1002.7
10/7/2018,26.9,22.4,28,3.6,15,1002.7
11/7/2018,28.8,25.2,31,2,16.5,1002.9
13/7/2018,28.2,26,30.4,0.2,17.1,1001.4
20/7/2018,27.7,25.3,29.4,0,16.4,1003.1
23/7/2018,28,27,29.4,1.5051859799713876,16,1003.5
24/7/2018,28.1,26.2,30,0.8,16.8,1005
25/7/2018,28.5,26.6,31,0.2,16.8,1005.8
29/7/2018,28.5,26.8,30.4,1.5051859799713876,17.3,1005.6
2/8/2018,28.4,27,31,1.5051859799713876,17.1,1007.4
7/8/2018,28.3,26.6,30,0,17.3,1004.3
10/8/2018,28.1,26.8,30,0,16.5,1008.3
15/8/2018,27.6,22.2,29,0,16.8,1003.7
16/8/2018,27.3,25,29,0,16.1,1003.1
18/8/2018,27.3,24.6,29.2,0,17.2,1003.7
19/8/2018,27.6,25,30,0,16.9,1004.8
20/8/2018,27.2,24.2,29,0,16.6,1005.1
21/8/2018,26.7,24.6,28,1.5051859799713876,16.4,1005
23/8/2018,27.4,25,30,0,15.3,1007.5
24/8/2018,27.5,24,30.2,0,13.5,1007.4
25/8/2018,27.5,24.4,29,0,16.8,1006.6
26/8/2018,27,23.5,29.4,0,14.4,1004.8
27/8/2018,27.2,25,30.4,0,12.7,1005
28/8/2018,27.2,23.6,29,1.5051859799713876,10.4,1005.3
30/8/2018,28.1,25.4,30,2.8,14.5,1007.2
31/8/2018,28.1,25,30.4,1.5051859799713876,16,1007.8
1/9/2018,28.1,25.6,30.6,0.8,16.4,1008.3
3/9/2018,27.9,24.6,30,0,16.7,1008.5
4/9/2018,28.3,24.6,30.8,0,16.5,1009.4
5/9/2018,28.2,24.2,30.6,0,16.2,1009.1
6/9/2018,28.2,24.4,30.4,1.5051859799713876,15.5,1008.1
7/9/2018,27.9,23.6,30.2,2.8,14.3,1007.8
8/9/2018,28.2,23.9,30.8,3.4,13.5,1008
9/9/2018,27.7,23.8,31,0,11,1009
10/9/2018,28.1,23.6,31,0,10.2,1011.6
11/9/2018,28.1,23.2,31.2,1.5051859799713876,9.9,1012.3
13/9/2018,27.6,23.5,31.2,0,11.5,1009.3
14/9/2018,27.4,23.9,30,0,8.5,1009.7
15/9/2018,28.3,25,32.1,0,10.2,1010.3
17/9/2018,27.8,24.6,32,0,9.3,1008.4
18/9/2018,28.8,24.2,31.6,0,9.4,1008.7
19/9/2018,27.6,23.4,29,0,8.6,1008.9
20/9/2018,28.2,25.4,31.1,0,8.2,1006.6
21/9/2018,29,25.6,31.8,0,10.9,1005.5
22/9/2018,28.6,28,31.4,0,13.8,1007.1
23/9/2018,28.7,26.6,32.4,1.5051859799713876,11.3,1010.6
26/9/2018,29.7,24.4,32,0.6,10.1,1008.8
27/9/2018,29.6,25.5,33,1.5051859799713876,10.5,1008.4
28/9/2018,29.4,25,32.4,0,8.6,1008.9
29/9/2018,30.1,23.4,33,0,9.6,1009.6
30/9/2018,32,25.4,36,0,9,1008.8
1/10/2018,31.7,24.2,36.4,0,7.9,1008.3
2/10/2018,30.8,25.2,35,0,9.6,1009.1
3/10/2018,30.9,25,34,0,9.9,1008.9
4/10/2018,30.6,25.2,36,0,9.9,1009
5/10/2018,31.7,24.3,35,1.5051859799713876,8.7,1009.1
6/10/2018,31.6,25.5,37.2,3,9.8,1009.2
7/10/2018,32,25.3,37.8,0,10.3,1008.4
9/10/2018,30.9,27.2,33.2,0.4,9.9,1008.5
10/10/2018,30.3,25.8,32.2,0,9.6,1008.4
11/10/2018,30.5,26.2,33.4,0,10.2,1008.3
12/10/2018,31.1,26,34.6,0,9.4,1008.7
13/10/2018,31.9,28.2,37,0.2,8.3,1010
14/10/2018,31.9,24,36,0.4,8.6,1011
15/10/2018,31.9,23.5,37,0,8.2,1011.3
16/10/2018,31.2,23.4,35.2,0,9.3,1011.3
17/10/2018,29.6,25.6,34.4,0,9.6,1011.4
18/10/2018,28.3,23.8,32.4,0,11,1011.2
19/10/2018,29.4,22.6,34,0,9.5,1011.1
20/10/2018,30.7,24.5,35,0,8.2,1012
21/10/2018,30.4,25.2,33,0,8.6,1012.8
22/10/2018,31,25.3,36,0,8.7,1012
23/10/2018,31.2,22.8,37.2,0,7.5,1011.8
24/10/2018,31.3,20.2,37.2,1.5051859799713876,9.4,1011
26/10/2018,31.5,23.4,36.6,1.6,9.7,1013.3
27/10/2018,30.6,22.8,36,0,9.4,1013.5
29/10/2018,30.3,21.8,36.6,2.8,10.6,1011.6
30/10/2018,29.8,22.4,35.6,1.5051859799713876,10.9,1010.9
31/10/2018,29.6,20.8,35.6,1.6,9.6,1010.9
1/11/2018,30.3,21.8,36,0,8.6,1010.6
2/11/2018,30.9,22.6,36.6,1.5051859799713876,10.5,1009.9
3/11/2018,31.1,24.2,36.4,1.6,9.7,1010.2
4/11/2018,31.1,28,35,0,10.9,1010.9
5/11/2018,30.3,26,34,0,10.2,1011.4
6/11/2018,31.6,26.6,35.4,1.5051859799713876,9.4,1011.7
7/11/2018,30.4,23,36,0,10.1,1012
8/11/2018,30,20.3,35.2,0,5.7,1010.9
9/11/2018,30.4,23.2,36,1.5051859799713876,8.8,1010.2
11/11/2018,29.7,20.4,35,0,5.8,1011.9
12/11/2018,29.7,20,35,0,7.3,1011.3
13/11/2018,28.5,20,32.8,1.5051859799713876,7.1,1010
15/11/2018,29.2,21.4,35,0,7.8,1011.3
16/11/2018,29.4,19.2,35,1.5051859799713876,8.6,1011.5
17/11/2018,29.8,19.6,35,1,7.6,1010.5
20/11/2018,29.9,23.8,34,0,7.9,1013.1
21/11/2018,30.5,24.6,34,0,7.5,1012.7
22/11/2018,30.4,23.8,35,1.5051859799713876,8.3,1012.8
23/11/2018,29.7,25,35.4,1.4,10.3,1014.4
24/11/2018,29.6,20.4,35,0,8.5,1015.2
25/11/2018,29.2,21,33.4,0,6.7,1014.1
26/11/2018,29.1,21,35.2,0,6.8,1011.9
27/11/2018,29.1,21.2,35.4,1.5051859799713876,7.3,1012.3
28/11/2018,28.7,19.6,35,0.4,8.4,1013
29/11/2018,28.5,19.4,35,1.5051859799713876,9.8,1014.5
30/11/2018,28.4,20,34.4,3.4,8.3,1014.4
1/12/2018,28.2,19.4,33.8,0,7.4,1012.1
2/12/2018,27.5,19,33.4,0.2,7.8,1010.5
3/12/2018,27.8,20,33.4,0,6.8,1011
4/12/2018,28.8,21.4,34.2,0,8.9,1012.2
5/12/2018,28.6,21.2,33,0,7.1,1011.3
6/12/2018,28.6,19.8,33,0,8,1010.9
8/12/2018,27.8,18.4,32,1.5051859799713876,6.8,1011.8
10/12/2018,25.8,16.8,31,0,7.7,1012
11/12/2018,26.2,16,31,0,7.5,1012.6
12/12/2018,26.3,18.4,30,0,9.6,1013.3
13/12/2018,26.3,17.9,30.2,0.2,8.8,1014.4
14/12/2018,27.4,20.8,32.2,1.5051859799713876,14.4,1014
15/12/2018,27.7,22.6,32.2,0,15.7,1013.9
17/12/2018,25.2,19,31.6,1.5051859799713876,10.3,1013.8
18/12/2018,25.6,17.8,31.6,0,10.7,1014.3
19/12/2018,24.8,17.4,29.4,0.8,10.2,1014.6
20/12/2018,24.9,15,31.4,0,10.5,1014.3
21/12/2018,25.9,16,31.4,1.6,7.8,1013.4
22/12/2018,26.6,16.1,32,0,7,1012.7
23/12/2018,27.3,17.6,33,0,6.4,1012.9
24/12/2018,27.3,18.8,32,0,6.5,1012.8
25/12/2018,26.6,19.4,31.6,0,7.4,1012.9
26/12/2018,24.1,17.4,29,1.5051859799713876,9.2,1013.8
29/12/2018,25.1,20,31.8,1.5051859799713876,10.7,1014.3
30/12/2018,25.3,15.6,32,0,8.9,1016
31/12/2018,25.3,15.4,31.4,1.5051859799713876,8.7,1017.1
1/1/2019,24.8,14.8,32,1.4,7.4,1017
2/1/2019,25.5,14.6,31,0.4,6.1,1016.7
3/1/2019,25.4,14.7,32,0,4.5,1017.2
4/1/2019,26.3,15,33,0.6,6.5,1016
6/1/2019,24.7,14.4,31,1.5051859799713876,6.8,1013.9
7/1/2019,25.7,14.2,32.9,0.2,8.5,1013.7
8/1/2019,25.2,16.3,32,0,8.2,1013.9
10/1/2019,25.5,14.6,31,1.5051859799713876,7,1012.5
12/1/2019,24,15.2,29.2,0,7.4,1013.5
14/1/2019,26.2,15.1,33,2.4,8.4,1013.3
15/1/2019,27.6,19.6,32,1.5051859799713876,9.3,1013.6
16/1/2019,26.9,18,32.6,2,7.8,1013.8
17/1/2019,26.9,16.8,32.4,1.5051859799713876,6.1,1012.6
18/1/2019,27.1,16.4,32,0,6.7,1012.6
19/1/2019,27.3,16.5,34,0,7.5,1013.3
20/1/2019,27.2,17.9,33,1.5051859799713876,8.2,1014
21/1/2019,25.2,18.2,30,0,9.3,1013.2
22/1/2019,25.1,18.4,29,0,8.1,1013.7
27/1/2019,24.7,18.6,29,1.6,14,1015.4
28/1/2019,24.8,18.2,30.6,1.6,13.7,1016.5
29/1/2019,25.1,19.4,30.6,0,11.5,1016
31/1/2019,25.2,15.4,30,0,7.8,1014
1/2/2019,25.3,16.4,29.6,0.4,9.1,1013.9
2/2/2019,24.8,16,28,0.8,7.5,1012.9
3/2/2019,26.6,17.8,31,0,7.8,1013.6
4/2/2019,27.8,19,34,0,8,1014.9
5/2/2019,26.8,19.6,33,0,9.3,1015.2
6/2/2019,24.8,21,28.6,0,9.4,1013.1
11/2/2019,26.9,15.4,33,0,6.7,1014.1
12/2/2019,29.4,17.8,35,0.6,6.6,1014.4
13/2/2019,27.7,19.6,32.4,0,7.8,1015.8
14/2/2019,26.8,19.2,32,0,9.2,1013.7
15/2/2019,25.3,20,30.2,0,11.3,1014.4
16/2/2019,25,15.4,30,0,9.4,1014.8
17/2/2019,24.6,14.6,29.2,0,8.8,1013.4
18/2/2019,25.6,15.6,30.8,0.2,7.8,1011.2
19/2/2019,27.1,16,32,0,8.3,1011.2
20/2/2019,25.9,18.2,30,0,7.5,1012.9
21/2/2019,25.9,20,29,0,8,1015.9
22/2/2019,27.5,21.2,31,0,10.1,1014.4
23/2/2019,28.6,18.8,34.6,0,7.6,1011.8
24/2/2019,28.2,19.2,35,0,10.1,1010.6
25/2/2019,27.6,17.5,32,0,9.4,1010.4
26/2/2019,26.6,20,33,0,10.2,1010.4
27/2/2019,25.4,17.8,29.2,0,10,1010.1
28/2/2019,26.1,18.2,30.2,0,11.7,1011
1/3/2019,26.3,16.2,30.8,0,7.6,1010.2
2/3/2019,26.5,18,31,0,9.6,1009.9
3/3/2019,25.8,20.2,29.2,0,10.9,1011.5
4/3/2019,25.9,20.4,29.8,0,9.2,1010.6
5/3/2019,25.8,20.6,29.2,0.4,10.1,1010.3
6/3/2019,24.9,19,29,0,11.3,1011.7
7/3/2019,26.2,18.2,30,0,10.6,1010.7
8/3/2019,27.1,18.7,31,0,9.8,1011.9
9/3/2019,28.6,20,32.4,0,10.4,1012.5
10/3/2019,28,19.4,32.4,0,10.2,1012.2
11/3/2019,26.7,20.6,30,0,9.5,1013.7
12/3/2019,26.1,23.2,30,0.2,11.7,1013.9
13/3/2019,25.8,20,30.4,1.5051859799713876,11,1014.4
15/3/2019,28.2,19,36,0,10.4,1013.2
16/3/2019,27.3,18.2,32,0,7.7,1011.9
17/3/2019,27.5,19,31.4,0.4,8.3,1012
18/3/2019,29.2,18.1,34,0,9.2,1011.4
19/3/2019,27.5,18.5,32,0,10.7,1010.1
20/3/2019,26.8,19.8,31,0,8.7,1010.2
21/3/2019,26.5,20.5,30.2,1.5051859799713876,10.4,1012.1
22/3/2019,27.3,18.4,31,0.6,9,1012.5
23/3/2019,30.3,21.2,34,0,10.2,1011.3
24/3/2019,31.6,21.4,36.2,1.5051859799713876,9.4,1009.5
26/3/2019,31.8,23.4,39,0,9.3,1010.2
27/3/2019,28.9,23.5,33,0,9.2,1012.6
28/3/2019,28.7,22.6,32,0.2,9.9,1011.5
29/3/2019,29.6,23.2,33,1.5051859799713876,9.1,1009.7
31/3/2019,28.8,25.4,31.8,0.4,10.2,1010.8
1/4/2019,27.9,21.8,31.6,0,9.6,1011
2/4/2019,27.9,21,31.4,1,10.7,1010.4
4/4/2019,28.9,23.2,32.2,0,10.5,1010.3
5/4/2019,29.5,24.6,32.6,1.2,10.4,1011.9
6/4/2019,29.3,23.5,32.4,3.6,9.5,1011.5
7/4/2019,29.2,23,33,2.4,9.1,1009.8
8/4/2019,29.6,23.1,33,0,10.5,1008.6
9/4/2019,29.3,23.4,33.4,0,9.5,1009.7
10/4/2019,29.1,23.6,32.4,0,10.6,1010.1
11/4/2019,29.3,23.6,32.8,1.5051859799713876,11.5,1009.5
12/4/2019,29.4,24.2,33,2,9.8,1009
13/4/2019,31.2,23,36,0.8,8.8,1008.5
14/4/2019,30.6,24,33.6,0,10.3,1009
15/4/2019,30.2,24.6,33,0,10.1,1008.8
16/4/2019,29.9,25.8,33.6,1.5051859799713876,11.5,1008.9
17/4/2019,29.3,25,33,0.4,13.7,1011
18/4/2019,29.2,23.1,33,2.4,12.8,1010.7
19/4/2019,30.6,23.5,34.6,2.2,10.9,1008.3
21/4/2019,29.1,25,32.4,1.5051859799713876,10.8,1007.4
22/4/2019,29.7,22.8,33.8,0,11.5,1007.6
23/4/2019,30,25.6,34.2,0,10.7,1008.5
24/4/2019,30.2,25.6,33.4,1.5051859799713876,11.2,1009.1
25/4/2019,30.9,25.2,34.4,0,10.1,1008.8
26/4/2019,31.5,25.2,34,0,10.9,1007.2
27/4/2019,32.1,25.5,36,0,8.8,1006
28/4/2019,31.8,28.1,35.2,1.2,11.4,1006.2
29/4/2019,30.3,28.6,34.8,1.5051859799713876,13.7,1007.1
30/4/2019,29.9,25.4,33.6,0.6,12.3,1007
1/5/2019,29.5,25.7,32.4,0,11.8,1006.3
2/5/2019,29.6,24.9,33,0,11.6,1006.5
3/5/2019,29.3,24.2,32.8,0.4,12.3,1008.1
4/5/2019,29.9,27.2,33.2,1.5051859799713876,12,1010.2
5/5/2019,29.9,25.8,33.4,2,11.7,1011.8
6/5/2019,29.7,25.8,32.2,1.6,10.9,1009.6
7/5/2019,29.8,25,32.8,0,11.1,1009.3
8/5/2019,29.8,27.4,33,0,13,1010.4
9/5/2019,29.9,24.8,32.8,0,12.1,1009.6
10/5/2019,30.1,25.7,33,0,12.2,1009
11/5/2019,29.7,24.8,32.6,0,12.9,1009.8
12/5/2019,29.8,24.6,32.6,0,12.2,1009.1
13/5/2019,29.8,25.4,33,0,11.4,1008.4
14/5/2019,29.8,25.2,32.8,0,11.7,1008.4
15/5/2019,30,25,33,0,10.9,1009.2
16/5/2019,30.1,25.2,33.4,1.6,10.5,1010
17/5/2019,30.4,24.8,33.8,0,10.1,1010
18/5/2019,30.8,25.5,34,0,11,1008.8
19/5/2019,31.3,25.2,35.6,1.5051859799713876,12.1,1008.4
20/5/2019,30.9,25.4,34.6,0,12.2,1008.5
21/5/2019,30.6,26.8,33.6,0,11.6,1008.1
22/5/2019,30.4,27.6,33,0,13.4,1008.3
23/5/2019,30.5,26.8,33.8,1.5051859799713876,11.8,1007.6
25/5/2019,30.8,27.4,33.8,0,10.4,1007.7
26/5/2019,30.7,26.6,33.8,0,11.6,1007
27/5/2019,30.9,27.7,33.6,0,12.6,1006.7
28/5/2019,30.9,26.5,34,1.5051859799713876,11.4,1006.5
30/5/2019,30.9,28.2,34,3.2,13.6,1005.5
1/6/2019,31.1,28,34.8,2.2,13.7,1006.8
2/6/2019,31.3,27.6,34.2,0,12.2,1006.5
5/6/2019,31,28.5,34.2,0.8,13.2,1005.6
6/6/2019,31.2,29,34.8,1.6,14.4,1006
7/6/2019,31.6,28.5,34.4,0,12.3,1006
8/6/2019,32,29.6,35,1.2,12.4,1005.3
9/6/2019,31.7,30.4,36.4,1.5051859799713876,13.3,1004.3
10/6/2019,30.1,25,35.2,0.6,12.9,1002.7
11/6/2019,30.7,23,34,0.6,8.8,1000.6
14/6/2019,28.7,26,33.6,0,16.1,1002.7
15/6/2019,29.7,24.6,33.6,0,15.5,1004.2
18/6/2019,28.7,26.5,32,0,16.3,1004.7
19/6/2019,29.3,25.7,32,0,11.9,1003.9
20/6/2019,30.4,26.7,33.4,0,11.9,1004.8
21/6/2019,30.7,28.1,33.2,0,11.7,1004.6
22/6/2019,30.7,27.4,33.2,1.5051859799713876,12,1003.7
23/6/2019,30.7,28.6,33.2,1.5051859799713876,13.3,1003
24/6/2019,29.3,25.4,31.2,0,10,1004.1
26/6/2019,29.6,26,33,2.4,11.6,1004.7
27/6/2019,28.9,26.2,33,1.5051859799713876,12.2,1003.5
28/6/2019,27,25,30,1.5051859799713876,16.7,1003.2
29/6/2019,26.7,23,30,2,15.8,1003.4
30/6/2019,27.2,24.2,29,0.2,11.2,1003.6
1/7/2019,26.3,24,28,1.5051859799713876,13.9,1002.5
2/7/2019,26.6,23.4,28,0,6.8,1003.6
3/7/2019,27.4,24,30,1.5051859799713876,7.6,1003.8
4/7/2019,28.1,25,30,2.6,10,1003.2
5/7/2019,28.6,25.6,30,0,13.7,1001.8
10/7/2019,27.3,26,29,0.4,13.2,1002.6
13/7/2019,28.6,25.4,30.4,1.5051859799713876,14.7,1007.2
14/7/2019,29.4,25.4,31,1.8,14.8,1006.8
15/7/2019,29.6,28.2,31,3.4,14.5,1005.6
16/7/2019,29.1,26.2,30.2,0,13,1006.3
17/7/2019,29.5,27.2,32.4,1.5051859799713876,12.2,1006.1
18/7/2019,29.9,26.6,32,1.4,11.7,1004.2
19/7/2019,30.1,26.6,33.4,0,11.2,1002.5
20/7/2019,28.6,26.2,32.2,0,9.1,1001.8
21/7/2019,29.2,25.2,32.6,1.5051859799713876,6.5,1000.3
23/7/2019,28.7,27.8,31,1,12,1000.3
30/7/2019,27,24,29,0,16.6,1004.4
12/8/2019,28.4,24.8,31.2,0,16.7,1004.9
13/8/2019,28.3,26,30,0,14,1005.1
14/8/2019,28.2,26,30,0,12.8,1005.8
15/8/2019,28.3,25.2,30.6,0,16.1,1006.5
17/8/2019,28.5,25.8,31,2.4,16.7,1006.1
18/8/2019,28.6,25.6,31,0,12.9,1007.6
19/8/2019,28.6,25.8,30.2,0,12.4,1008.9
20/8/2019,29.1,25.5,31.4,0,12,1008.9
21/8/2019,28.8,26,31,0,14.8,1008
22/8/2019,28.9,27,31,0,14.3,1007.3
23/8/2019,28.9,26.4,31.6,0,12.9,1007.2
24/8/2019,28.6,25.4,31.2,0,13.8,1006.8
25/8/2019,27.8,25,30.2,0,10.1,1005.8
26/8/2019,28.4,24.6,31,1.5051859799713876,11.6,1005.6
27/8/2019,28.6,25.8,31.2,1.4,12.5,1004.5
28/8/2019,28.5,25,31.4,0,12.2,1004.6
29/8/2019,28.7,25.4,32.4,0,11.7,1005.1
30/8/2019,28.3,25.2,30,0,12.7,1003.6
31/8/2019,27.9,25.7,29.2,0,15.4,1002.1
1/9/2019,27.2,25.4,28,0,12.2,1003.3
2/9/2019,27.8,24.9,31.2,0,11.5,1004.7
3/9/2019,26.4,24.6,29,0.4,14.5,1004.1
4/9/2019,25.9,24,27,0,15.1,1002.9
6/9/2019,27.3,24.8,29,0,15.5,1002.3
7/9/2019,26.8,24.8,29,0,15.8,1002.5
8/9/2019,26.9,23.6,28.8,0,13.6,1004.2
9/9/2019,27.1,24.3,29,0,16.1,1004.2
10/9/2019,27.7,24.4,30,0,14.2,1004.3
11/9/2019,27.2,24.2,29.2,0,11.7,1006.9
12/9/2019,27.4,26,29,0,14.2,1008.2
13/9/2019,27.2,23,29.2,1.5051859799713876,12.9,1008.7
15/9/2019,26.4,23.5,30,0,11,1009
17/9/2019,27.4,26,29.4,1.5051859799713876,11.9,1006.9
18/9/2019,27.3,24.6,31,0,12.2,1006.9
19/9/2019,27.6,23.6,31,0.2,8,1005.8
20/9/2019,27.1,24.7,29,0,12.1,1005.4
21/9/2019,27.9,24.6,31.7,0,16.5,1005.1
22/9/2019,28.7,25,33,0,13.4,1006.9
23/9/2019,29.1,25.6,32,0,9.6,1008.7
24/9/2019,28.9,25.2,31,0,9.4,1007.9
25/9/2019,27.7,24,30,0,8.6,1007.2
26/9/2019,27.8,25,32,0,10.2,1008.3
27/9/2019,27.6,23.8,30.8,0,14.7,1011.7
28/9/2019,28,24.8,31,0,12.2,1011.1
29/9/2019,28.4,25,32.2,0,13,1011.5
30/9/2019,28.3,26,31.4,2.2,12.1,1011.1
1/10/2019,28.9,26,31.8,0,11,1011.3
2/10/2019,28.8,24.8,31.6,0,9.4,1012
3/10/2019,29,24.5,31.6,0,8.2,1011.1
4/10/2019,28.8,26.4,32,1.5051859799713876,8.7,1010.8
5/10/2019,28.6,23.7,32.4,0.8,9.6,1009.7
6/10/2019,29.3,23.5,33,1.5051859799713876,9.2,1009.9
7/10/2019,30,24.8,33,0.8,10.1,1010.6
8/10/2019,29.5,24.5,33.6,0,9.5,1009.9
9/10/2019,28.5,23.5,33,0,9.2,1009.5
10/10/2019,29.3,24,34,0,8.4,1009.4
12/10/2019,29.1,25,34,1.5051859799713876,10.6,1009.8
13/10/2019,30.4,24.2,35,1,8.1,1010.7
14/10/2019,31.4,25.6,35,0,9.1,1010.8
15/10/2019,32.1,23.8,36.2,0,8.8,1010.3
16/10/2019,31.5,23,35.2,1.5051859799713876,10.7,1010.3
19/10/2019,25.7,24.6,27,0.6,9.4,1011.3
20/10/2019,25.6,23.4,27.4,0,11.1,1011.4
22/10/2019,27.7,23.8,31,0,8.6,1008.2
23/10/2019,26.8,23.6,29,1.5051859799713876,6.6,1006.7
24/10/2019,27.4,24.1,31,1,8.2,1005.6
25/10/2019,28.2,23.8,30,0,14.1,1004.2
26/10/2019,27.3,25.4,29.6,1.5051859799713876,11.6,1005.6
28/10/2019,29.3,24.4,33,0,7.8,1010.2
29/10/2019,29.8,24.8,33,0,8.7,1010.7
30/10/2019,30.8,24.8,36,0,7.8,1009.7
31/10/2019,30.6,24.6,34,0,10.9,1008.7
1/11/2019,28.9,25,34.4,0,9.4,1008
2/11/2019,28.7,23,32.8,0,10.8,1010.9
3/11/2019,28.7,23.9,32.6,0.6,8.8,1013.1
4/11/2019,28.9,23.6,32,2,9,1013.7
5/11/2019,29.8,24.6,33.4,0,8.1,1011.4
6/11/2019,28.7,23.2,31.6,1.5051859799713876,9.1,1009.1
7/11/2019,28.7,24.6,32.2,0.4,12.3,1008.5
8/11/2019,27.2,24,30.4,0,12.3,1009.6
9/11/2019,27.7,23.8,30.4,1.5051859799713876,9.4,1010.6
10/11/2019,28.6,23,33,2.4,9.2,1010.9
11/11/2019,29.2,22.7,33,0,8.9,1010.3
12/11/2019,29.3,22.8,34,0,8.2,1010.7
13/11/2019,29.8,23.8,34.4,0,9.1,1012
14/11/2019,28.7,22,33,0,10.1,1012.1
15/11/2019,29.1,23.2,32.6,0,8.2,1011.7
16/11/2019,30,23.8,33,0,7.9,1011.6
18/11/2019,29.3,24,34,1.5051859799713876,9.9,1012.2
20/11/2019,28.7,21.4,33,0,7,1010.8
21/11/2019,29.5,22.2,34,1.5051859799713876,8.4,1011.5
22/11/2019,29.3,22.8,33.4,0.8,8.8,1013.1
23/11/2019,29.2,23.6,33,0,8.8,1012.9
26/11/2019,28.7,20.5,34,2.2,7.5,1010.4
27/11/2019,28.8,21.4,33.4,0,9.4,1010.8
28/11/2019,29.2,22.4,33.6,1.5051859799713876,8,1011.3
29/11/2019,29.5,22.6,34.2,0.4,7.2,1011.6
30/11/2019,29.6,23,33,0,8.7,1011.1
1/12/2019,29.4,23.6,33,0,7.7,1011.5
2/12/2019,29.3,23.4,34,1.5051859799713876,10.4,1011.1
3/12/2019,29.4,23.7,33,1.4,10.5,1011.6
4/12/2019,29.6,23.4,34.4,0,11,1012.3
7/12/2019,28.3,21.6,32.8,0.6,9.3,1012.9
8/12/2019,28.1,22.2,32,0,7.3,1013
9/12/2019,28.4,21.6,32,0.4,8.1,1012.9
10/12/2019,28.6,22.4,32.4,0,8.2,1011.7
11/12/2019,27.9,21.8,32,0,7.4,1010.7
12/12/2019,27,21.4,30.4,0,6.6,1010.6
13/12/2019,25.9,19.5,30,1.4,10.6,1012.5
14/12/2019,25.6,18,30.4,0,10.6,1014.4
15/12/2019,26.2,18,30.8,0,7.8,1013
16/12/2019,26.4,19.8,31,0,7.1,1012.6
17/12/2019,27.3,21.2,33,0,9.5,1013.4
18/12/2019,27.8,22,33,0,9.9,1014.2
19/12/2019,27.6,21.4,33.4,0,9.2,1013
21/12/2019,27.5,21.1,31,0.4,8.2,1011.6
22/12/2019,28.7,22.2,32,0,8.9,1011.2
23/12/2019,28.5,22.2,33.6,0,7,1011
24/12/2019,28.2,22.3,31.4,1.5051859799713876,6.4,1012.1
25/12/2019,28,24.2,31,0,7.7,1012.4
26/12/2019,26.5,22.6,30.4,0.4,8.4,1012.3
27/12/2019,26.3,18,32,0,7.7,1011.2
28/12/2019,27.1,20.4,32.2,0,10.3,1011.1
29/12/2019,26.7,22.3,31.8,0,8.9,1011.6
30/12/2019,25.3,20.2,29.8,0,8.4,1011.7
2/1/2020,23.9,17.2,28,0,7.7,1015.6
5/1/2020,25.6,17.5,31,1.2,11,1012.6
6/1/2020,27.1,20.5,34,0.8,10.9,1013.4
7/1/2020,27.1,19.6,31.6,0,7.4,1012.8
8/1/2020,26,22.4,29.6,0,7.7,1012.8
9/1/2020,24.1,16.4,28,0,10.8,1013.4
12/1/2020,27.3,20,32,0,8.2,1013.2
13/1/2020,25.9,21.5,29.4,0,9.5,1012.3
19/1/2020,25.7,15.8,32,0,7.2,1013.1
20/1/2020,26.6,17.6,33,0,6.9,1013
21/1/2020,26.1,19,30,0,7.5,1014
23/1/2020,28.2,19.4,34,3.6,9.3,1013.8
24/1/2020,28.5,19.8,33.4,0.6,8.9,1013.3
25/1/2020,27.9,19.6,33,0,6.6,1013.1
26/1/2020,27.2,20.8,31,1.5051859799713876,7.1,1011.8
27/1/2020,25.3,20,30,0.6,9.4,1011.8
28/1/2020,24.8,19.2,29.6,0,10.5,1012.7
31/1/2020,23.6,15,28.2,1.5051859799713876,8.2,1012.4
2/2/2020,25.9,17.7,30,0,9.2,1013.4
3/2/2020,24.7,18.8,28.4,0,7.3,1014.3
4/2/2020,24.9,18.5,29,0,10,1013.2
5/2/2020,25.2,15.3,30,1.5051859799713876,7.7,1012.9
6/2/2020,24.7,18.4,29,1.5051859799713876,11.6,1012.9
8/2/2020,25.3,16.6,29,0,11.2,1014
9/2/2020,27,19.6,32.6,0,13.1,1013.8
10/2/2020,28.5,21.2,33,0,11.6,1012.7
11/2/2020,28.9,22.4,33.8,0,8.7,1013.1
12/2/2020,29.2,22.4,32.6,0,9.4,1014.8
13/2/2020,29.4,21.7,34,0.2,9.1,1014.7
14/2/2020,29.3,21.6,34,0.01,10.1,1012.8
15/2/2020,27.8,19.6,33,0.63,9.5,1012.3
16/2/2020,27.5,19.2,33,0.67,9.1,1012.9
17/2/2020,29.8,19.8,36,0.83,6.7,1013.2
18/2/2020,30.5,22.4,35.4,2.36,8.8,1012.8
21/2/2020,27.7,20.6,33.4,1.5051859799713876,9.6,1013.9
22/2/2020,28.6,19.1,33.4,1.5051859799713876,8.8,1014.6
23/2/2020,28.7,19.6,34,0.16,7.9,1013.3
24/2/2020,28,19.4,32.2,0.04,7.9,1011.2
25/2/2020,29.8,18,36,0.24,9.1,1010.4
26/2/2020,29.6,22,36.4,1.22,11.5,1011.1
27/2/2020,29.5,20.4,36,3.27,9.6,1011.2
28/2/2020,28.5,18,35,0.67,8.1,1009.9
29/2/2020,27.7,19.5,32.4,0.55,8.7,1009.7
1/3/2020,27.7,20.2,31,0.91,9.5,1010.6
2/3/2020,26.6,17,30.4,0.16,8.1,1011.5
3/3/2020,26.7,21.4,30.2,0.24,9.6,1012.1
4/3/2020,25.9,19.5,29.2,0.35,11.4,1012
5/3/2020,26.4,20.5,29.4,0.01,11.2,1010.6
6/3/2020,26.7,22.5,30.8,1.06,12,1010.6
7/3/2020,25.8,22.2,29,0,11.3,1012.6
8/3/2020,25.7,17.6,29,0.79,10.4,1012.5
9/3/2020,25.9,19.2,29.4,0,9.5,1011.4
10/3/2020,26.5,21.2,29.4,0.02,9,1011.1
11/3/2020,25.9,21.3,29,0.2,10.6,1012
12/3/2020,25.2,19.6,28.2,0.01,9.8,1013.7
13/3/2020,25.1,17.4,29,0.08,10.6,1014
14/3/2020,25.8,16.6,33,0,11,1011.9
15/3/2020,29.3,17.4,36,1.5051859799713876,7,1010.2
16/3/2020,30.5,20.6,37,0,7.2,1010.9
17/3/2020,30.1,20.2,36.4,0.71,7.4,1011.6
18/3/2020,29.7,21,34,0.04,7.6,1012
19/3/2020,28.4,21,33,2.87,8.4,1012
20/3/2020,27.2,22.5,31.6,1.1,9.7,1012
21/3/2020,26.9,20.2,30.4,0.67,9.4,1012.2
22/3/2020,28.3,20.7,31.4,0.12,10.1,1011.6
23/3/2020,29.8,23.2,34,2.17,10.1,1010.2
24/3/2020,30.1,23.4,33.2,3.54,6.3,1008.3
25/3/2020,29.5,26,32.2,0.35,8.5,1008.2
27/3/2020,29.4,25.1,35.2,1.22,10.8,1011.3
29/3/2020,30.4,23.2,35,2.76,9.5,1009.3
30/3/2020,29.3,23.6,33.2,1.5,8.8,1009.8
31/3/2020,28.8,23.2,33,0.94,9.8,1010.8
1/4/2020,29.2,22.1,33.2,2.28,7.8,1010.3
2/4/2020,30.1,24,34.4,0.75,9.4,1008.5
3/4/2020,30.1,24,34,0.24,11.2,1009.1
4/4/2020,29.6,23.2,34.6,0.87,9,1009.6
5/4/2020,29.3,22.6,33,0.16,7.6,1010.5
6/4/2020,28.9,25.8,34.2,0.16,11.1,1011.6
7/4/2020,28.3,23.2,31.4,0.55,8.1,1010.6
8/4/2020,28.2,22.6,31.8,0.24,9.3,1011.7
9/4/2020,28.7,22.6,32.2,0.16,8.5,1011
10/4/2020,29.6,24,33.8,0.12,9.9,1010.4
11/4/2020,30.6,25,34.4,0.2,9.8,1011
12/4/2020,30.1,25,35.6,0.24,9,1010.4
13/4/2020,30,25.2,33.8,0.24,9.3,1009.3
14/4/2020,31.1,25.6,34.8,0.75,9.8,1008.9
15/4/2020,30.7,25.4,34,0.16,7.9,1009.9
16/4/2020,30.3,27.4,33.8,0,9.8,1009.4
17/4/2020,30.2,26.2,33.4,0.02,7.7,1008.8
18/4/2020,30.7,25.8,34,0.12,9.8,1009.4
19/4/2020,31.6,27,35,0.02,10,1008.9
20/4/2020,33.1,26.4,37.2,0.01,8.9,1008.1
21/4/2020,30.6,25.2,34.2,0,7.5,1009.1
22/4/2020,30.6,25.6,33.4,0.39,9,1008.6
23/4/2020,30.6,26.2,33.8,0.59,8.6,1008.8
24/4/2020,30.8,26.2,34.4,0.43,9.4,1007.8
25/4/2020,30.4,25.7,33.8,0.98,9.6,1008.8
26/4/2020,30.1,24.4,33,1.22,8.7,1009.2
27/4/2020,30.2,25.8,33.6,0.08,12.2,1010.4
28/4/2020,30.9,25.2,34,0.63,9.5,1008.7
29/4/2020,31.1,26.4,34,1.69,10.4,1008.4
30/4/2020,30.8,27.6,34.2,0.83,10.8,1009.7
1/5/2020,30.7,27.8,33.6,2.05,11.8,1009.7
2/5/2020,30.6,26.3,33.8,0.47,9.3,1008.5
3/5/2020,30.8,27,34,0,10.3,1008.1
4/5/2020,30.6,26.2,33.8,1.5051859799713876,11.5,1009.1
5/5/2020,30.9,27,33.8,1.5051859799713876,11.5,1008.3
6/5/2020,31.2,26.8,34.2,0.08,8.4,1007.4
7/5/2020,30.6,25.6,33.8,0.08,8.9,1008
8/5/2020,30.6,25.7,33.8,0.2,9.8,1008.4
9/5/2020,30.7,26.1,34,0,9.9,1008.3
10/5/2020,30.9,26.4,33.6,0.03,11.1,1007.8
11/5/2020,31.2,26.5,34.6,1.93,8.7,1008.4
13/5/2020,30.8,26.8,33.8,0.24,10.5,1007.1
14/5/2020,31.4,27,34,0.39,10.8,1006.5
15/5/2020,31.7,28.2,34,2.13,12.6,1006.4
16/5/2020,31.2,28.5,33.4,1.69,12.2,1006.4
17/5/2020,31.2,28,33.9,0.24,11,1005.8
18/5/2020,30.9,27.8,33.2,0.12,15.1,1005.1
19/5/2020,30.6,27.8,33,3.11,12.2,1004.8
20/5/2020,30.7,27.2,33.6,0.71,12.4,1004.9
21/5/2020,30.8,26.2,34,0.35,11.5,1006.1
22/5/2020,31.2,28,34.4,0.39,12.2,1007.3
23/5/2020,31.1,26.4,34.8,0.83,10.1,1006.8
24/5/2020,31,29,33.6,1.54,13.6,1007.7
25/5/2020,31,28.4,33.2,0.16,11.6,1008
26/5/2020,31.3,29,33.6,0.12,12.7,1008.1
27/5/2020,31.2,28.6,34,0.08,14.3,1007.6
28/5/2020,31.4,28.4,34.4,0.12,13.7,1006.9
29/5/2020,31.7,29,34.6,0,13.8,1006.8
30/5/2020,32.3,29.2,35,0.04,14.2,1007.2
31/5/2020,32.4,29.5,35.6,2.8,12.5,1007.3
1/6/2020,30.3,26.8,32.4,0.28,9.1,1007.8
2/6/2020,29.4,26.4,32.4,2.32,8.2,1004.9
4/6/2020,26,23,30,0.02,9.9,1005
5/6/2020,29,22.2,34,0,12.1,1005.8
6/6/2020,28.9,23,33.2,0.39,15.1,1005.5
7/6/2020,29.2,28,34.4,0.12,12.8,1005.4
8/6/2020,28.4,22.3,31.2,1.54,12.3,1006.1
9/6/2020,29.4,27,32.4,1.5051859799713876,10.5,1005.9
10/6/2020,30.1,26.8,32.8,1.06,12.2,1005.1
11/6/2020,29.5,26,32.4,0,10.3,1002.8
12/6/2020,29.2,26.8,32.4,0,9.6,1000.8
14/6/2020,29.8,25.5,32,0.6,11,1002.1
16/6/2020,28.8,26.4,31,1.6,10.7,1001
17/6/2020,28.9,27,32.4,0,13.9,1001.3
19/6/2020,29.7,24.4,33,2,12.5,1005
20/6/2020,30.3,27.2,33,2.8,10.9,1005.7
21/6/2020,29.5,27.4,32.6,0,12.4,1004.6
22/6/2020,29.3,25.6,32.6,0,10.5,1003.1
23/6/2020,29.2,26,32.6,0,15.2,1003.8
24/6/2020,30.1,26.8,33,0,12.7,1004.7
25/6/2020,30.2,26.9,33.4,0.8,10.7,1003.8
26/6/2020,29.9,26,32.6,1.4,7.2,1003.7
27/6/2020,30.3,26.8,33,0,9.3,1003.9
29/6/2020,28.9,27,32,0,10.6,1003.1
1/7/2020,28.7,26,32.2,1,12.4,1003
2/7/2020,28.9,25.4,31.6,2.6,11.4,1002.7
3/7/2020,27.1,26,29,0,9.1,1002
7/7/2020,28.5,25,31,0.2,12.9,999.9
8/7/2020,28.9,25.8,31.4,0,12.6,1003.1
9/7/2020,29.1,26.2,31.8,0,12.7,1003.5
10/7/2020,29.7,26.4,32,0,13.6,1003.8
11/7/2020,29.1,26.8,32.2,1.8,12.2,1003.9
12/7/2020,26.6,25,28.8,0.4,8.9,1004.6
13/7/2020,27.2,23.8,29.8,0,9.9,1003.5
14/7/2020,26.7,25,28.4,0,8.6,1003.3
15/7/2020,26.3,24.4,27.2,0,6.6,1002
16/7/2020,26.3,24.4,27,0,10.1,998.9
17/7/2020,26.7,24.6,29.6,2,11,998.5
18/7/2020,28.5,25,32,0,10.9,1002.2
19/7/2020,29.4,25.8,32.4,0,11.1,1005.1
20/7/2020,29.6,26.5,32.6,0,9.5,1003.6
21/7/2020,29.4,26.4,33,0,10.1,1004.1
23/7/2020,28.7,25.4,31,0.8,8.5,1004.8
24/7/2020,27.8,24.8,29,0,5.6,1005.6
25/7/2020,28.7,25.4,32,0.4,9.7,1005.8
26/7/2020,28.2,25.2,32,0.2,9.9,1006.7
27/7/2020,26.9,25,29,0,9,1007.6
28/7/2020,26.5,25,28,0,9.5,1006.4
29/7/2020,27.8,24.6,30.6,0,6.8,1004
30/7/2020,27.3,25,30,0,7.3,1003.8
31/7/2020,28.5,25.4,32,2.4,7.7,1003.5
1/8/2020,28.8,25.6,32,2.2,11,1003
3/8/2020,27.9,26,31.6,0.2,13.9,999.8
7/8/2020,27.9,24.2,30,0,15.4,1000.9
8/8/2020,28.2,25.4,30.2,0,12.8,1003.9
9/8/2020,29,25,31,3,14.3,1003.4
10/8/2020,28.6,27,30.2,0.2,14.1,1003
11/8/2020,28.1,26,29.4,0,13.7,1004.9
12/8/2020,27.3,25.4,28.8,0,16.1,1006
13/8/2020,27.8,26,30,0.2,16.8,1004.1
14/8/2020,26.8,24.8,28,0,16.3,1002.2
15/8/2020,27.8,24.6,29.4,1.6,15.1,1001.7
16/8/2020,28.1,25.8,29.4,1,17,1002.8
17/8/2020,27.3,25.4,29,0,14.7,1002.5
19/8/2020,27.9,25,30,0,13.7,1003.6
20/8/2020,27.4,23.2,28,0,12.1,1002.5
21/8/2020,26.6,24.8,28,0.4,13.4,1003.8
22/8/2020,27.7,24.8,29,0.4,16.3,1004.6
23/8/2020,28.2,26,30,0,14.8,1005.1
24/8/2020,28.1,25,30.8,0,15.9,1005.9
25/8/2020,28,24.4,31,0,13.5,1008.2
26/8/2020,28.4,25.7,31,0,12.1,1008.6
27/8/2020,28.2,26.8,30,0,13.3,1007.3
28/8/2020,26.3,25,27.4,0,10.6,1005.7
29/8/2020,26,24.2,27,0,9.7,1005
30/8/2020,26.5,23.8,28,1.4,11.8,1005.3
31/8/2020,27.1,24,30,0,12.6,1007.3
1/9/2020,27.6,24.2,30.2,0,7.8,1008.8
2/9/2020,28.6,24.8,31,0,6.4,1008.1
4/9/2020,29.8,25,33.6,0.6,7.1,1006.1
5/9/2020,30.6,25.4,33.2,0,7.7,1005.4
6/9/2020,29.8,27.8,32.8,0,7.8,1004.5
7/9/2020,28.6,25.4,32,0,9.4,1006.2
8/9/2020,30.1,26,33,0,8.6,1006.6
9/9/2020,29.9,26.6,33,0,8.4,1004.9
10/9/2020,29.7,26.6,32.8,0,9.1,1003.5
11/9/2020,28.8,26,33,0,9.3,1002.3
12/9/2020,28,25.2,32,3,13.8,1003.9
13/9/2020,28.4,25,31,0,12,1006.4
14/9/2020,27.2,25.4,31,0,8,1006.3
15/9/2020,27.8,24.6,31,0,7.2,1005.9
16/9/2020,28,25,30.8,0,5.9,1006.3
18/9/2020,26.9,26,29.6,0,5.6,1005.9
19/9/2020,27.8,25,30,0,4.6,1003.4
20/9/2020,29.2,25,33,0,7.3,1001.5
21/9/2020,27.8,25,31.8,0,6.1,1000.6
22/9/2020,26.8,25,28,2,7.1,1000.8
23/9/2020,25.8,24.6,28,0,10,1002.6
24/9/2020,27.7,23.8,30,0,6.5,1006.7
25/9/2020,28.3,25.2,30,0,8.9,1007.7
26/9/2020,28.9,25.4,31.6,0,10.8,1007.3
27/9/2020,28.8,25,32,3.6,9.1,1008.5
28/9/2020,28.6,25,31.8,0.2,8.4,1008.9
29/9/2020,28.9,24.9,32.4,0,6.9,1008.3
30/9/2020,29.1,24.4,32,1.4,8.8,1007.4
1/10/2020,29.3,24.6,32.2,0,8.3,1008
2/10/2020,29.3,25.4,31.6,0,7.9,1007.7
3/10/2020,28.3,25,32,0,8.4,1007.9
4/10/2020,27.8,22.6,29,0,7.7,1009.5
5/10/2020,28.6,25,31,0,7.7,1008.8
6/10/2020,29.3,24.4,32,0,6.4,1008.1
7/10/2020,30.3,25.8,33.2,0,7.3,1008.6
8/10/2020,30.3,26.6,32.2,0,6.2,1007.9
9/10/2020,31.4,27,35,0,6.8,1007
10/10/2020,29.6,26.6,35,0,6.5,1006.5
11/10/2020,29.2,25.6,31.4,1.8,6,1005.5
12/10/2020,29.4,27,31.8,0,5.5,1003.3
13/10/2020,29.3,26.4,32.6,0,6.4,1002.7
14/10/2020,28.3,26,33,0,7.4,1002.8
15/10/2020,28.1,24.5,31,0,8.6,1001
17/10/2020,29,25.6,32.8,0,13.5,1005
18/10/2020,28.8,25,32,0,10.5,1007.4
19/10/2020,28.9,26.2,31.5,0,7,1007.8
20/10/2020,29.9,26,32,0,6.8,1007
22/10/2020,28.7,26,33,0.2,7.8,1006.4
23/10/2020,29.7,24.2,32.4,3.4,7.5,1006.4
24/10/2020,29.3,26.5,32.4,2.8,7.7,1008.1
25/10/2020,29.6,25.6,32.6,0,7.1,1009.9
26/10/2020,30,24.8,34,0.4,5.8,1010.9
27/10/2020,30.3,22.2,35,0,6,1010
28/10/2020,29.8,23.2,33.8,0,7.7,1010.4
29/10/2020,29.4,23,33,0,8.1,1010.8
30/10/2020,29.8,23,35,0,6.9,1010.8
31/10/2020,29.4,21,35,0,7.5,1010.9
1/11/2020,29.4,21,33.4,0,5.7,1011.5
3/11/2020,30,23.2,34,0,7,1011.8
4/11/2020,30.2,23.6,35,0,5.4,1011.4
5/11/2020,29.7,22.2,35,0,7.4,1012.1
6/11/2020,29.3,21,34.8,0,9.2,1013.6
7/11/2020,29.5,19.7,35,0,8.9,1013.8
8/11/2020,29.9,23,35.4,0,7.6,1013.6
9/11/2020,29.3,21.2,34.2,0,7.3,1013.2
10/11/2020,27.9,19.2,34,0,9.7,1011.1
14/11/2020,30.1,22.4,35,0.4,8.6,1010.2
15/11/2020,29.9,23.5,34,0.2,6.9,1010.4
16/11/2020,30.2,23.5,35,0,8.8,1010.8
17/11/2020,30.7,23.8,36,0,8.4,1009.6
18/11/2020,29.5,24,34.4,2.4,7.1,1009.5
19/11/2020,29.3,25.8,32.8,0,8.7,1009.8
20/11/2020,28.8,22.5,33,0,7.2,1011
21/11/2020,28.3,20.5,33,0.2,8.4,1011.7
22/11/2020,28.1,20.8,32.2,1.8,6.7,1012.3
23/11/2020,28.4,20,33,1.6,7.6,1012.7
24/11/2020,28.3,20.6,32.6,0,6.5,1011.4
25/11/2020,28.4,21.6,33,0,5.6,1010.7
26/11/2020,28.3,20.8,34.6,0,8.7,1011
27/11/2020,28.7,20.2,33.8,0.2,10.2,1012.8
28/11/2020,28.6,23.2,31.8,0,9.7,1013
29/11/2020,28.8,23,33,0,7.1,1012.9
30/11/2020,29.4,22.2,34,0,6.9,1013
1/12/2020,29.8,24.4,34,0,7.3,1012.9
2/12/2020,28.9,24.4,34,0,7.8,1011.8
3/12/2020,28.2,20,34,0,8.2,1011.4
4/12/2020,27.7,19,33.2,0,6.4,1010.5
5/12/2020,27.8,18.4,35,0,6.7,1010.9
6/12/2020,27.9,18.4,35.2,1.4,7.3,1012.1
7/12/2020,28.3,17.8,35,0.4,7.3,1013.3
8/12/2020,28.4,18.2,36.2,0,6.5,1013.2
9/12/2020,29.6,20.8,35.8,0,7.7,1011.7
10/12/2020,28.9,24,33,0,7.8,1011.1
12/12/2020,26.7,23.8,29.8,0,8.6,1011.4
13/12/2020,25.2,24.4,27.4,1.8,9.4,1010.9
14/12/2020,24.6,22,27,0,8.9,1011.4
15/12/2020,26.2,20.8,30,0.2,7.8,1012.4
16/12/2020,26.5,21,32,0,6.9,1013.5
17/12/2020,26.8,21,31,0,6.3,1013.6
18/12/2020,27.7,21.2,33,0,8.6,1013.2
19/12/2020,27.8,19.6,33,0,8.4,1013.8
20/12/2020,26.8,20.2,31.8,0,8.7,1014.4
21/12/2020,26.3,18,32.6,0,9.7,1013.2
22/12/2020,25.7,16,32,0,5.9,1012
23/12/2020,25.7,15.8,32,0,7.1,1010.9
24/12/2020,25.9,16.2,33,0,6.9,1009.9
25/12/2020,27.7,18.8,34.2,0.2,6.4,1010.4
26/12/2020,27.8,19.4,33.8,0,7.3,1011.9
27/12/2020,26.7,21.8,31,1.4,6.5,1012
28/12/2020,24.1,16,30,0,8.6,1012
29/12/2020,24.2,15,29.8,0,5.3,1011
30/12/2020,25,16.8,30,1.2,6.6,1011.1
31/12/2020,27.1,18.5,33.6,0,8.4,1010.9
1/1/2021,27.7,20.6,32.4,0,6.1,1011.1
2/1/2021,25.9,23.2,30,0,8.1,1011.9
3/1/2021,25.1,19.7,28.2,0.2,7.9,1010.4
4/1/2021,25.1,20.4,29,0.2,7.8,1010.3
5/1/2021,25.2,20.5,29,0,9.6,1011.4
6/1/2021,25.3,19.8,30,0,8.8,1010.7
7/1/2021,27,19.8,30.4,0,7.2,1008.5
8/1/2021,26.7,23.4,28.8,0,5.9,1008.4
9/1/2021,27.3,22.6,31,0,4.7,1009
10/1/2021,28.6,22.9,33,0,7.4,1009.7
11/1/2021,29.1,23,34,0,6.4,1010.8
12/1/2021,29.3,22.5,35,0,6.6,1011.3
13/1/2021,28.7,22,34,0,6.7,1011
14/1/2021,26.8,20,31,0,8.6,1010.5
15/1/2021,25.6,20.8,29,0,9.9,1010
16/1/2021,25.6,16.6,30.2,0,5.9,1009.2
17/1/2021,25.9,18.2,30.4,0,5.9,1009.6
18/1/2021,26.6,20.2,31.2,0,8.6,1011.1
19/1/2021,27.5,19,32.8,0,7,1011.3
20/1/2021,26.8,19,32.4,0,6.4,1012.3
21/1/2021,25.3,18.2,30.8,0,8.7,1012.2
22/1/2021,26,17,31,0,7.3,1011.3
23/1/2021,26.7,18.8,32.8,0,6.3,1011.4
24/1/2021,25.7,17.4,32,0,5.7,1012.5
25/1/2021,24.5,16.4,30.2,0,6.1,1013.1
26/1/2021,24.1,16,29,0,7.3,1012.6
27/1/2021,23.9,15.3,29,0,6.7,1012.1
28/1/2021,23.8,15.2,29.4,0,6.4,1012.6
29/1/2021,24.3,14.8,30,1.8,5.5,1013.2
30/1/2021,26,16,33,0.2,6.2,1012.6
31/1/2021,26.1,17,31.2,1.8,6.7,1013
1/2/2021,27.9,19,34,1.2,6.5,1014.3
2/2/2021,28.4,19.2,36.2,0,8.1,1014.5
3/2/2021,27.4,18.6,33.6,0,6.4,1013.7
4/2/2021,26.6,18.5,31,0,6.2,1013.3
5/2/2021,26.4,19.2,31,0,9.2,1013.5
6/2/2021,27.6,16.9,34,0,8.4,1012.4
7/2/2021,27.8,23.8,34.4,0,11.3,1013
8/2/2021,27.3,18,34.2,0,9.2,1013.5
9/2/2021,27,17.6,34,0,7.9,1012.6
10/2/2021,25.9,16.6,31.4,0,6.2,1011.3
11/2/2021,26.7,18.8,34,0,6.5,1010.2
12/2/2021,26.6,23,31,0,8.4,1011
13/2/2021,26.2,23.4,31,0,9.5,1012.3
14/2/2021,26.5,19.4,31,0.6,7.9,1012.5
15/2/2021,25.8,20.2,29.8,2.6,9,1011.8
16/2/2021,25.2,20.5,28.4,0.6,8.8,1011.7
17/2/2021,25.7,20,29,2.2,10,1011.2
18/2/2021,26.6,20.4,32,0,9.1,1011.5
19/2/2021,27.9,21.5,32.6,0,10.3,1013.2
20/2/2021,27.6,24,32,0,13.2,1013.3
21/2/2021,27.6,21,34,2.8,10.9,1012.8
22/2/2021,29.3,21.5,35,0.8,8.1,1013.1
24/2/2021,30.3,21.5,35,0,7.1,1010.3
25/2/2021,29.6,21.4,34.2,0,9,1011.2
26/2/2021,28.6,21.6,34,0,9.9,1010.4
27/2/2021,28.9,20.8,33,0,9.8,1009.3
28/2/2021,30.4,20.6,35.4,0,9.5,1009.1
1/3/2021,30.2,21.4,35,0,8.9,1011.4
2/3/2021,30.1,20.6,35,0,7.4,1012.1
3/3/2021,29.7,20.4,37,0,8.5,1010.7
4/3/2021,30.3,20.6,37,0,7.7,1010.1
5/3/2021,29.8,20.6,37,0,7,1011.4
6/3/2021,28.1,23,32.4,0,8.3,1012.3
7/3/2021,29.6,19.8,36,0,6.4,1011.5
8/3/2021,29.1,19.2,34.4,0,6.7,1011.2
9/3/2021,30.2,22,35,0.59,8.4,1011.2
10/3/2021,29.4,22,33,1.61,8.8,1011.3
11/3/2021,28.2,24.6,32,0.91,9.4,1011.3
12/3/2021,28.7,22.6,33,0,8.9,1012.3
13/3/2021,30.1,24.4,36,0.12,9.2,1011.9
14/3/2021,30.3,26.4,35,0,8.4,1010
15/3/2021,30.5,24.4,35,0.47,8.5,1009.5
16/3/2021,30.7,25.4,35,0.16,8.3,1009.8
17/3/2021,30.6,24,36,0.04,9.6,1008.6
18/3/2021,30,25.6,33.4,0.63,9.5,1008.9
19/3/2021,29.2,23.4,33,0.51,9.2,1009.9
20/3/2021,28.2,25,32,1.42,10.7,1008.6
21/3/2021,28.5,23.8,33.2,0.63,7.6,1007.9
22/3/2021,29.2,24.2,34,0.2,9.9,1009.8
23/3/2021,30.2,24.6,35.2,0.16,7.9,1010.3
24/3/2021,31.5,26.2,37,1.42,9.8,1010.1
25/3/2021,32.5,24.8,39,0.01,8.6,1009.6
26/3/2021,31.9,23.4,38.4,0.2,6,1008.6
28/3/2021,29.8,24.8,35.2,0.47,8.5,1007.8
29/3/2021,29.5,26.2,34.2,1.61,9.2,1008.1
1/4/2021,28.9,26.8,32.2,0.59,10.8,1006.9
2/4/2021,28.8,25.6,32.2,0.83,10,1007.1
6/4/2021,30.7,23,36,1.61,8.5,1009
7/4/2021,30.3,25,34.6,0.2,8.7,1009.5
8/4/2021,29.2,25.6,32.4,0.35,9.6,1008.4
9/4/2021,29,24.8,32.2,0.35,8.3,1008
10/4/2021,29.2,24.8,33,2.44,9.7,1008.7
11/4/2021,30,25,34.4,1.77,8.4,1009.8
12/4/2021,30.9,27,34.4,3.74,8.5,1010.8
13/4/2021,31,27.8,36,2.4,10.2,1009.8
14/4/2021,30.8,28.4,34.8,0,10.7,1009.8
15/4/2021,30.3,26.6,35,1.5051859799713876,8.7,1009.7
16/4/2021,29.6,25,32.6,0.35,9.6,1009.6
17/4/2021,30.1,25,33.6,0,10.4,1009.9
18/4/2021,31.1,27,34.8,1.5051859799713876,10.1,1010.3
19/4/2021,30.3,27.4,33.2,1.5051859799713876,10.7,1009.4
20/4/2021,29.9,26.4,32.8,1.5051859799713876,10.4,1008.7
21/4/2021,29.9,26.8,32.6,0.2,8.9,1010.1
22/4/2021,30.3,26.8,34,0.28,10.1,1009.8
23/4/2021,30.2,25.4,34,0.28,8.7,1010
24/4/2021,29.5,24.4,33,0.08,9.3,1009.3
25/4/2021,31.1,26.6,34.2,0.55,10.6,1008
26/4/2021,31,29,34,0.75,11.6,1007.7
27/4/2021,31.2,28.4,34.2,0,9.1,1008.9
28/4/2021,30.4,26.6,34,3.4,10.9,1009.8
29/4/2021,30.8,28,33.8,2.8,10.3,1009.2
30/4/2021,30.3,28.2,33,0,10.4,1008.3
1/5/2021,31.2,29,36,0,9.1,1007.2
2/5/2021,31,28.8,34,0,7.2,1007.7
3/5/2021,31.1,27.6,36,0,9,1007.3
4/5/2021,31.5,29,34.8,0,10.5,1006.9
5/5/2021,31.1,28,33.6,0,9.5,1007
6/5/2021,30.8,28.2,33.4,0,9,1007.6
7/5/2021,30.9,28.4,34,0,9.3,1008.5
8/5/2021,30.9,28,34,2.6,10.5,1007.4
9/5/2021,31.1,28.2,34,3.4,9.5,1006.5
10/5/2021,31.2,28.8,34.4,0,10.6,1006.5
11/5/2021,30.6,28.4,33.4,0.6,11.6,1007.1
12/5/2021,30.9,28.6,33.8,1.4,11.9,1005.7
13/5/2021,30.8,29,33.4,1,10.2,1005
14/5/2021,30.8,27.6,34.2,0.4,11.5,1002.6
15/5/2021,33,29.4,37.2,0.2,11.1,999.6
19/5/2021,28.5,24.4,31.8,0.4,12.1,1003.8
20/5/2021,29.9,24.2,33,2,8.7,1006.2
21/5/2021,30.4,26.6,33,1.4,9,1007.1
22/5/2021,30.8,29,33.4,0,11,1006.6
23/5/2021,30.9,27.8,33.4,0,11.3,1007.5
24/5/2021,31.1,27.6,33.2,0,12,1008.3
25/5/2021,30.9,29,33.2,0,12.1,1006.6
26/5/2021,30.8,29,33,0,14.3,1005.7
28/5/2021,31,28.9,33.6,0.6,14,1006.2
29/5/2021,31.4,29.8,34,0,11,1006.8
30/5/2021,30.9,29,33.4,1.8,10,1006.8
31/5/2021,29.5,26.2,32,0,9.8,1005.1
1/6/2021,29.9,26,33,0,10.1,1005.1
3/6/2021,30.3,26.4,33.4,0.2,10,1006.6
4/6/2021,30.2,26.4,34,0.6,11.3,1007.3
5/6/2021,29.2,28,34,2,9.2,1006.6
6/6/2021,29.2,23.8,33,0,10.9,1007.1
7/6/2021,28.6,24.2,32.6,0.4,8.5,1007.4
8/6/2021,27.7,25.5,31,0,8.1,1006.3
9/6/2021,25.9,25,28,1.2,10.8,1005.3
10/6/2021,26.4,23.4,29.6,0,10.5,1004.8
11/6/2021,26.7,23.4,30,0.2,9.7,1003.8
12/6/2021,27.3,25.2,30,2,12.1,1003.4
14/6/2021,30.3,27.4,33,0,12,1001.7
15/6/2021,28.1,27,31,0,9.7,1000.7
16/6/2021,27.4,25,29,0,12.4,1001
17/6/2021,27.3,25,29,0,11.1,1002
18/6/2021,29.6,24.4,32.4,0.6,14.2,1002.5
19/6/2021,28.2,24,31.6,0,11.9,1004.8
22/6/2021,30.1,26,32.6,0,14.2,1006.9
23/6/2021,30.2,27.2,32,0.2,15.1,1006.4
24/6/2021,29.1,26.4,31,0.6,13.9,1006.9
25/6/2021,26.9,25.6,29,0.4,10.8,1005.9
26/6/2021,29.8,24.8,32,2,11.4,1005.9
27/6/2021,27.4,26,30,0.6,9.8,1007.8
28/6/2021,28.3,24.8,30.4,1.6,7.9,1006.8
29/6/2021,29.1,25.4,31.6,0,9.6,1006.1
30/6/2021,28.8,26.6,31,0,9.2,1006.1
1/7/2021,30.2,26.2,32.4,0,14.3,1004.5
2/7/2021,30.1,27.6,32.6,0,14.4,1004.9
3/7/2021,30.3,27,33,0,15.3,1006
4/7/2021,30.5,27.4,33,0,11,1006.8
5/7/2021,30.7,28,33.2,0,10.5,1006.3
6/7/2021,30.3,27,32,0,9.7,1005.2
8/7/2021,28.2,26,31,0.8,9.4,1004.9
9/7/2021,28.2,24.4,31,2.6,9.7,1002.9
11/7/2021,28.2,25,31.6,0.8,6,1001.1
12/7/2021,27.5,25.8,31.4,0.8,11,999
13/7/2021,26.7,25,28,0,11.9,1001.1
14/7/2021,26.4,23.6,29,0.2,10.5,1001.8
15/7/2021,27.6,25.8,31.6,0,9.6,1000.6
16/7/2021,27.2,23.5,30,0,10.1,1003
17/7/2021,27.8,25,30,1,12.8,1004.7
19/7/2021,27.8,25,29,0,15.9,1003.4
23/7/2021,28.2,25.6,29,1.4,16.5,1000.7
24/7/2021,28.9,26.2,31,1.6,16.5,1002.6
25/7/2021,28.9,25.9,31,0.2,17,1003.4
2/8/2021,28.3,25.2,30,0,16.5,1006.3
3/8/2021,28.1,24.8,30,0.4,17.3,1007.1
6/8/2021,28.9,27,31.2,0.8,14.3,1004.7
7/8/2021,29.1,26.8,31.4,0.12,14.5,1005.6
8/8/2021,28.8,25.6,31,0.43,10.1,1006.7
9/8/2021,28.8,25.1,32.4,0.35,11.8,1008
10/8/2021,28.8,26.4,31.6,0.79,12,1008
11/8/2021,28.7,27.8,31.8,0.98,12.3,1007.8
12/8/2021,27.9,24.4,30.2,0.98,10,1008.5
13/8/2021,28.2,25.4,30,0.63,12.2,1007.6
14/8/2021,27,24.4,29.8,1.34,12.1,1005.7
16/8/2021,26.3,23.8,28,1.46,7.9,1007.3
17/8/2021,26.8,23.8,29,1.22,8.1,1007.6
18/8/2021,25.2,23.5,26.8,1.18,7.5,1006
19/8/2021,25.4,23,26,0.87,5.8,1005.8
20/8/2021,25.5,23.4,28,0.43,8.6,1005.9
21/8/2021,25.8,23.3,27,0.47,12,1007.3
22/8/2021,27.2,24,29.2,0.31,8.2,1007.7
23/8/2021,28.4,23.8,31.8,2.24,10,1007.7
24/8/2021,28.6,26.4,31.4,0.47,9.2,1007.7
25/8/2021,28.5,26.6,31,0.24,8.7,1006.6
26/8/2021,28.1,25.2,30.4,0.87,7.6,1004.8
27/8/2021,28.7,25.6,32,0.2,9.8,1004.2
28/8/2021,29.2,25.4,32.2,0.16,9.8,1003.2
29/8/2021,28.7,27,31,0.47,8.9,1003.2
30/8/2021,27.5,25.6,30,0.39,9.8,1004.6
31/8/2021,25.9,23.6,27,0.12,11.4,1004.6
1/9/2021,27.5,24.6,30,0,12.7,1005.3
2/9/2021,27.6,24.8,30,0,10.2,1005.5
3/9/2021,26.8,25,29.4,0,10.2,1005
4/9/2021,26.7,24,30,0.08,8.8,1005.4
5/9/2021,27.8,24.2,30,0.01,8.8,1005.3
6/9/2021,27.9,24.8,30,0,9.2,1004.4
7/9/2021,26.8,24,29,0.39,6.2,1003.1
8/9/2021,27.1,23.8,29.8,0,12,1002.4
9/9/2021,28.3,24.6,31,0.08,14.9,1005.8
10/9/2021,28.4,25.6,30.6,3.7,16.3,1005.6
11/9/2021,27.2,25.2,29,0.2,16.6,1003.5
12/9/2021,27.3,24.8,29,0,10.9,1001.9
14/9/2021,27.9,26,30,1.02,16.6,1002.7
15/9/2021,28.6,24.8,30,2.48,13.7,1003.9
16/9/2021,28.2,25.5,31.4,0.31,15.8,1005.4
17/9/2021,28.6,25,31.4,0.35,9.8,1005.8
18/9/2021,28.6,25.6,31.6,0.08,12.3,1007.3
19/9/2021,27.8,25.6,31.6,3.66,10.3,1009
20/9/2021,27.9,24.2,30.6,0.87,11.3,1008.5
21/9/2021,26.7,25,29,0.87,9.9,1007.4
22/9/2021,27.6,23.7,29,1.54,9.9,1005.6
23/9/2021,28.3,24.5,31.4,0,7.8,1005.7
24/9/2021,28.2,25.4,31,1.5051859799713876,8.7,1006.8
25/9/2021,28.2,24.8,30.8,0.67,8.5,1007.2
26/9/2021,27.4,24.8,29,0.75,8.7,1005.4
27/9/2021,26.6,24,29,0,5.6,1004
28/9/2021,26.8,24,30,0,9.7,1002.9
29/9/2021,27.8,25.6,30,0,13.7,1003.9
30/9/2021,27.8,24.7,32.4,0,9.8,1007.4
1/10/2021,28.7,24.4,31.2,0,8.2,1008.4
2/10/2021,29.2,27,32,0,7.6,1008
3/10/2021,29.6,26.4,33,0,6.7,1007.5
4/10/2021,30.1,27.6,33,0,7.9,1006.9
5/10/2021,30,27.4,34,0,7.8,1006.9
6/10/2021,29.7,25,35,2.8,9.2,1006.2
7/10/2021,29.8,24,35,0,7.5,1005.4
9/10/2021,28.7,25.4,32.6,0.8,9.2,1008.2
10/10/2021,28.3,24.4,32.8,0,9.6,1008.3
11/10/2021,28.4,24.6,32.2,0,6.5,1006.7
12/10/2021,29.1,24,33.4,0,9.4,1005.7
13/10/2021,30.4,24.8,33.4,0,6.9,1005.5
14/10/2021,31,27.4,35,0,6.7,1005.2
15/10/2021,31.2,26.2,36,0,8.5,1003.1
16/10/2021,30.1,24,35,0,7.1,1002.6
17/10/2021,29.4,25,33.6,0,8.9,1003.4
18/10/2021,29.8,27.4,32,0,12,1006.8
19/10/2021,28.7,25.2,31.6,0.8,9.3,1010.6
20/10/2021,28.6,24.6,32,0,8.7,1012.5
21/10/2021,29.2,23.6,34,0,7.8,1012
22/10/2021,29.7,24.6,35,0,7,1012.2
23/10/2021,29.2,25.4,34,0,9.4,1012.3
24/10/2021,28.3,24.2,32,0,8.4,1013
25/10/2021,28.2,24,32,0,10.1,1012.1
26/10/2021,29.1,24,33,0,8.8,1010.6
28/10/2021,29.8,25,34.4,2.2,10.1,1011.4
29/10/2021,29.8,25.6,34,0.2,13.1,1012.7
30/10/2021,29.5,25.6,34.4,0,13.8,1012.8
31/10/2021,29.7,26,35,0,11.3,1011.7
1/11/2021,29.3,24.6,34,0,7.5,1010.4
2/11/2021,30,25,35,0,7.2,1009.9
3/11/2021,30.4,25.8,35.8,0,10.8,1010.2
4/11/2021,30.5,27.6,35,0,10.2,1009.5
5/11/2021,30.3,26.4,35,0,8.4,1009
6/11/2021,28.7,25.4,32.2,0.6,9.2,1008.8
7/11/2021,29.2,25,32,0,9.2,1008.5
8/11/2021,28.9,24.8,34,0,8.7,1010
9/11/2021,28.5,22.4,34.4,0,10.4,1010.9
10/11/2021,28.8,24,34.4,0,11.5,1010.4
12/11/2021,28.5,23.4,35,0,10.2,1008.5
13/11/2021,29.8,23.8,35.2,0,9.8,1008.2
14/11/2021,30.2,26,35,0,9.6,1007.9
15/11/2021,30.3,26,35,0,9,1006.5
17/11/2021,29.9,27,34,0,10.1,1007.3
18/11/2021,28.9,26.6,33.8,0,8.2,1007.7
19/11/2021,29.1,25.2,34,0.8,9.5,1005.5
20/11/2021,30.6,26,36,0.2,9,1004.6
21/11/2021,29.8,25.6,33.4,0.2,10.9,1007.5
22/11/2021,28.6,24,31.4,0,5.9,1011
23/11/2021,29.2,25.2,32.4,0,8.8,1010.2
24/11/2021,30.4,27.6,34,0,7.8,1009.9
25/11/2021,30.3,26,35,0,7.2,1010.8
26/11/2021,29.7,24.8,35,0,8.9,1011.2
27/11/2021,29.4,24,34,0.2,8.7,1011
28/11/2021,28.5,23.4,33.4,0.6,9.4,1011.8
29/11/2021,28.1,20.6,33.4,0,9,1012
30/11/2021,28.7,24.8,33,0,7.7,1011.1
3/12/2021,26.4,21.4,29.6,3.6,5.7,1011.1
4/12/2021,26.9,22.4,30.4,2.4,5.5,1011.6
5/12/2021,26.5,23,31,0.2,6.8,1012.2
6/12/2021,26.8,22,31,0.2,7.9,1012.1
7/12/2021,27.6,23.4,33,0,9.4,1012.2
8/12/2021,28,24.8,33.2,2.2,9.9,1012.2
9/12/2021,28,23.6,32.4,1.4,9.2,1013.7
10/12/2021,28.2,23.6,34,0,7.4,1014.1
11/12/2021,28.2,23.4,33.6,3,9.3,1013.8
12/12/2021,28,22.8,33.2,0,6.7,1013.7
13/12/2021,27.5,22.6,32,3,6.2,1013.4
14/12/2021,25.9,20.4,31,0,6.4,1013.2
15/12/2021,25.2,20.2,29.6,0.2,7.3,1013.2
16/12/2021,25.1,20,29,0,5.3,1014.1
17/12/2021,25.3,20.4,29.8,0.2,6.1,1014.5
18/12/2021,25.8,20.4,31,0,6.9,1014.3
19/12/2021,26.1,20.8,32,0,8.3,1014.8
20/12/2021,25.9,21,31.8,0,8.6,1014.8
21/12/2021,25.5,19.8,31,0,7.2,1014.5
22/12/2021,25.2,19.8,30,0,4.9,1013
23/12/2021,24.7,19.2,28.8,0,6.4,1012.6
25/12/2021,24.2,19,28.2,2.2,6.9,1013.6
26/12/2021,24.5,19.2,29.4,0,6.1,1014.3
27/12/2021,25.2,19,30.8,3,4.7,1013.9
28/12/2021,25.2,20,29,0.6,7.3,1013.4
29/12/2021,24.4,18.4,29,0.2,8.8,1013.6
30/12/2021,25.2,20,30.8,0,10.3,1014.3
31/12/2021,26.1,22,31.4,0.2,11.6,1015.5
1/1/2022,26.6,22,32,0,8.3,1015.7
4/1/2022,27.1,22,32,0,8,1013.7
5/1/2022,26.5,22.2,31,1.4,4.9,1013.2
6/1/2022,25.7,22,29.2,1.2,7.6,1012.8
7/1/2022,25.5,21.6,29.4,0.8,8.6,1012.2
14/1/2022,23.7,20,27.8,1.8,6.8,1011.9
15/1/2022,24.5,20.2,30.8,0,8.5,1012.7
16/1/2022,26.1,20,32.4,2.4,7.4,1013.2
18/1/2022,26.3,21,31,0,7.9,1014.7
19/1/2022,25.4,18.8,30.4,1.2,6.4,1013.3
20/1/2022,24.6,18.4,29.2,0,8.8,1011.6
21/1/2022,24.4,19.6,28,0,6.3,1011.5
22/1/2022,24.7,20.6,28.8,1,10.9,1010
27/1/2022,24.1,18.2,31.4,1.8,7,1011.9
28/1/2022,25.6,21.6,32,0,11.1,1013.1
29/1/2022,25.6,19.2,31.6,0,9.2,1014
2/2/2022,23.8,18.6,29,1.4,7.2,1011.2
3/2/2022,24,18.4,28,0,8.4,1011
4/2/2022,24.3,19.4,27.8,0,9,1010.6
6/2/2022,24.4,17.8,31,0,8.6,1012.6
9/2/2022,23.7,19,27.4,0,9.3,1012.9
10/2/2022,25,18,31,1.6,7.3,1012.2
13/2/2022,25.9,20,32,1.8,6.9,1010
14/2/2022,26,19.8,32,0,7.4,1010.3
15/2/2022,24.6,21,28,0.2,10.5,1010.6
16/2/2022,23.7,19.4,28.1,0.6,10.1,1009
17/2/2022,23.9,19.4,28.6,0,6.1,1007.6
18/2/2022,25,19,30.4,0.8,5.3,1008.8
19/2/2022,25.9,19.4,32,1.2,6.8,1010.9
20/2/2022,26.1,19.4,31.4,0.2,9.5,1010.6
21/2/2022,25.7,18.4,31.6,0,8,1009.8
22/2/2022,25.5,18.6,32.2,0.4,9,1010.7
24/2/2022,27.2,21.2,32.2,1.8,7.7,1013.2
25/2/2022,26.8,20.6,32,0,6.1,1012.6
26/2/2022,27.2,20.2,32,0,7.4,1012.5
1/3/2022,27.7,21.8,32.8,0,8.5,1012.6
3/3/2022,29.3,23.4,35,0.8,8.7,1011.2
5/3/2022,28.7,22,34,0,8.8,1010.8
6/3/2022,29.4,23.4,37,0,6.3,1009.8
7/3/2022,29,24.2,33,1.6,7,1010
8/3/2022,30.5,26.8,35,3,9.1,1009.8
9/3/2022,30.3,26,37.2,0,7.8,1009.7
10/3/2022,30.6,25.4,36.6,0,7.9,1009.6
11/3/2022,31,25.4,35.6,0,9.4,1009.1
12/3/2022,30.6,26,36,1.4,10.6,1009.1
13/3/2022,31.5,24,37.4,0,8.8,1009.4
15/3/2022,32.4,24.6,37.2,0,9.8,1008.2
16/3/2022,32.1,24,38,0,9.7,1007
17/3/2022,31.9,27.2,36.8,0,10.5,1006.2
18/3/2022,31.2,25,37,0,9.6,1005.9
19/3/2022,29.2,25.2,32.8,2.8,9.5,1006.1
20/3/2022,28.2,25,31.2,0.2,9.2,1007
21/3/2022,28.3,24.8,32,0.8,8.9,1007.6
22/3/2022,30.1,25.8,33,0,8.4,1007.2
23/3/2022,31.1,23.8,38,0,9,1006.2
24/3/2022,30.3,27.4,34.6,0,8.2,1006.6
25/3/2022,29,25,32.6,1,8.3,1008.2
26/3/2022,29.2,27,32.4,0,9.8,1010.3
28/3/2022,29.4,26,33,0,9.9,1009.7
29/3/2022,30.2,24.4,36,0,8.3,1008.5
30/3/2022,29.5,24.4,34,0,8.1,1008.2
31/3/2022,28.6,24.2,32,0,8.5,1009.1
5/4/2022,29.8,28,33,0.4,10.3,1011.1
6/4/2022,29.9,27.6,33,0,10.5,1011.4
7/4/2022,29.6,26,33.6,0.6,9.7,1010
8/4/2022,29.9,26.7,33.6,0,11,1008.5
9/4/2022,30.4,27.6,34.5,0,12.2,1008.4
11/4/2022,30.1,27.2,34.2,0,9.1,1007.5
12/4/2022,30.6,25,35,0,8.6,1005.9
14/4/2022,30.3,27.7,33.6,0,10,1006.5
15/4/2022,30.2,27.5,33.2,1,9.9,1007.1
17/4/2022,29.6,24.6,33.8,2.4,11,1007.3
18/4/2022,29.7,24,33.1,0.4,9.1,1009.2
19/4/2022,29.6,25,32.8,0,10.6,1010.8
20/4/2022,31.4,25.8,34.3,0,10.8,1008.3
21/4/2022,33.2,26.1,38.6,0,7.9,1005.7
22/4/2022,33.2,27,37.4,1,11.6,1006.8
23/4/2022,31.9,28.2,37.4,0,11,1007.9
24/4/2022,31.3,28.6,39,0,12.5,1008.1
26/4/2022,31.1,25.6,34.9,0,11.1,1007.5
27/4/2022,33.2,25.4,37.2,0,9.6,1005.9
28/4/2022,32.2,27.8,37,0.6,10,1006.6
29/4/2022,31.3,28.8,34.7,0,10.7,1008.4
30/4/2022,30.8,25,34.9,0,11.6,1006.7
1/5/2022,30.7,25,34.2,0,11.5,1005.9
2/5/2022,30.6,27.6,34.7,0,12.4,1006
3/5/2022,30.9,27.5,34.7,0,10.6,1006.9
7/5/2022,30.7,25.8,34.1,0.2,9.8,1006.6
10/5/2022,30.5,28.2,33.5,0,12.7,1003.7
11/5/2022,30.5,27.4,34.1,0,11,1003.5
13/5/2022,30.7,28.2,34.8,0.2,14.2,1004.1
14/5/2022,30.8,27.8,34.3,0,13.8,1004.5
15/5/2022,30.9,28.4,34.2,0,13.2,1005.7
16/5/2022,30.9,27.5,34.3,0.8,11.7,1005
17/5/2022,30.7,27.6,34.5,2.6,12.8,1004.1
18/5/2022,30.4,27.6,34.2,1.8,11.8,1004.5
19/5/2022,30.5,27.5,33.6,0.2,11.6,1005.1
20/5/2022,30.3,29,33.4,0,15,1006.3
21/5/2022,30.6,28.5,34.4,0,13.5,1006
22/5/2022,30.9,28.5,34.7,0,14.8,1004.1
23/5/2022,31.1,29,34.6,0,16.1,1003.3
24/5/2022,31.1,29.2,34.5,0,14.7,1006
25/5/2022,31,28.9,34.5,0,13.6,1008
26/5/2022,30.9,28.5,34.4,0,14.7,1007.7
27/5/2022,31,29,34.4,0,15.8,1007.5
28/5/2022,31,28.8,34.8,0,14.4,1006.8
29/5/2022,31.1,29.2,34.5,0,15.3,1006.7
30/5/2022,31,28.8,34.5,0,14.3,1006.4
31/5/2022,31,29,34.4,0,15.3,1005.7
1/6/2022,30.8,29,34,0,13.2,1005.9
2/6/2022,30.5,29.8,34.3,0,13.6,1006
3/6/2022,30.7,28.4,34.1,0,13.6,1005.8
4/6/2022,30.9,28.2,34,0,13.3,1005.4
5/6/2022,30.9,27.6,34.1,1.8,11.2,1005.2
8/6/2022,31.6,29.4,34.9,0,13.2,1005.4
9/6/2022,30.1,26,35.2,0,10.8,1004.2
10/6/2022,30,25,34.4,0,10.2,1004.1
11/6/2022,28.1,25,33.2,0,10.2,1004.8
13/6/2022,30.1,26.6,34.4,0,12.1,1006
14/6/2022,30.3,25.8,34.4,3,13.2,1006.3
15/6/2022,30.1,29,34.5,0,13.8,1005.6
16/6/2022,29.3,26,33.1,0,11.1,1005.2
17/6/2022,29.7,26.1,33.7,0,11.8,1004.5
18/6/2022,29.4,24.8,34.5,0,11.3,1004.8
19/6/2022,27.4,25.4,31.3,0,10.5,1005.4
21/6/2022,27.1,24,30.6,0,13.2,1002.2
22/6/2022,28.3,25.4,32.7,0,9.4,1003.3
23/6/2022,28.7,25.4,32.6,0,10.1,1004.5
25/6/2022,29,24.8,33.6,0,14.5,1000
26/6/2022,27.9,26,32.9,0,14.8,1000.2
27/6/2022,28.1,25.6,32,0,11.2,1002.8
28/6/2022,27.2,26,29.1,0,9,1004.2
29/6/2022,27.7,26.4,30.7,0,8.7,1002.6
30/6/2022,25.7,25,27,0,9.1,1002.7
2/7/2022,29.1,23.8,31.6,0,13.8,1001.7
3/7/2022,28.9,25.8,32.2,0,15.2,1001.5
4/7/2022,27.3,25.2,30,0,9.9,1001
5/7/2022,26.3,25,27,0,7.9,1000.1
6/7/2022,26.8,24.8,28,0,12.8,1000.9
8/7/2022,28.3,24.4,29,1.2,14.5,1003.6
9/7/2022,28.3,25.8,29,0,15.1,1002.1
10/7/2022,28,25.5,29.3,0,17.2,1003.3
11/7/2022,27.3,24,29.4,0,16.6,1004.7
12/7/2022,27.2,23.9,28,0,15.1,1004.7
14/7/2022,27.1,24.5,28,0.2,17.2,998.5
15/7/2022,27.5,25,30,0,15.9,999.2
16/7/2022,27.7,25,30.2,0,16.8,1000.3
17/7/2022,28.5,27,30.6,0,13.9,1003.5
18/7/2022,27.6,25.4,29,0,14,1004.5
19/7/2022,28,24.8,30.6,0,15,1005.1
20/7/2022,27.4,25,30.5,0,13.6,1006
21/7/2022,27.6,25.6,30.5,0,12.6,1006.5
22/7/2022,28.3,26,30.5,0,13.9,1007
23/7/2022,28.2,25.8,31.3,0,16.1,1005
24/7/2022,28.1,25.6,30.4,1.2,15.7,1004.3
25/7/2022,28.2,25.1,30.2,2.2,15.3,1006
26/7/2022,27.6,26.6,31.1,0,11.7,1007.8
27/7/2022,27.1,24.2,29.4,0,4,1007.9
28/7/2022,28.6,24.2,31.3,0,7.7,1008.3
29/7/2022,29.3,26,31.6,0,9.2,1008.3
30/7/2022,29.3,27.5,31.6,0,9.9,1007.3
31/7/2022,29.3,27,31.5,0,12.8,1005.7
1/8/2022,28.9,25.8,31.7,0,12.6,1005.8
2/8/2022,28.9,25.2,31.8,0,11.4,1004.7
3/8/2022,28.6,25,30.6,0,8.4,1003.6
4/8/2022,28,25.6,30.3,0,8.5,1002.6
5/8/2022,27.4,25.4,29.9,2.4,7,1001.1
6/8/2022,27.8,25,31.3,0.4,9.2,999.9
7/8/2022,26.8,25,31.3,1,9.7,999.6
8/8/2022,26.8,24.2,28.1,3.2,10.5,998.4
14/8/2022,27.7,24.8,30.3,0,15.9,1005.6
17/8/2022,27.2,25,30,0,16.2,1006.1
18/8/2022,27.6,24.6,30.3,0.4,15.5,1006.6
19/8/2022,27.6,25.4,30.5,0,14.4,1006.9
20/8/2022,27,24.6,29,0,14.5,1006.8
21/8/2022,27.6,25.6,30.5,0,15.9,1005.8
22/8/2022,27.6,26,29.9,0,15.9,1004.5
23/8/2022,27.6,25,32.5,3.6,15.3,1004.5
24/8/2022,27.3,25.4,30.4,0,14.1,1007.1
25/8/2022,27.8,25.4,30.7,1.6,10.2,1007.1
26/8/2022,28.1,25.6,30.8,0.4,10.7,1007.2
27/8/2022,28.5,24.8,31.2,0,11,1007.5
28/8/2022,28.5,24.6,31.4,0.2,10.3,1007.2
29/8/2022,28.2,24.4,31.1,0,8.6,1008.3
30/8/2022,29.1,25.2,31.5,0,9.8,1008.2
31/8/2022,28.8,26.9,32.2,0,9.2,1006.5
1/9/2022,28.8,23.8,31.4,0,10.2,1006.5
2/9/2022,29.2,25.6,33.7,1,8.6,1006.8
3/9/2022,29.4,25.4,33,0.2,8.8,1006.9
5/9/2022,28.9,26.2,31.4,0,11.1,1007.5
6/9/2022,29.1,25.8,31,0,9.8,1006.9
7/9/2022,28.1,25,32.1,0,10.6,1006.3
8/9/2022,27.6,24.2,32,0,8.8,1005.3
9/9/2022,27.9,24,31.7,0,7.9,1003.8
10/9/2022,28.2,25,32,0.2,7.1,1004.1
11/9/2022,28.5,24.6,31.6,0,6.9,1001.9
12/9/2022,27.8,25.2,30.5,0,9.2,1000.5
13/9/2022,26.7,24.5,28,0,10.6,1002.6
14/9/2022,27.8,24.9,30.1,0.4,13.9,1005.5
15/9/2022,27.4,25.4,30.1,0.4,16,1006.8
16/9/2022,26.5,24.4,28,1.6,13.6,1005.8
17/9/2022,27.3,24.4,30.4,0,15.4,1006.3
18/9/2022,25.8,23.8,27,0,10.9,1008.3
19/9/2022,25.6,23.3,27,0,5.9,1009.1
20/9/2022,25.8,22.7,28.4,0,7.6,1008.7
21/9/2022,25.1,23.2,26.4,0,8.7,1008.9
22/9/2022,24.1,23,26,2.4,5.1,1009.1
23/9/2022,26.7,22.4,31,0,9.4,1008.8
24/9/2022,27.3,24,31.1,3,8.4,1007.8
25/9/2022,27.6,24.1,31.5,0.4,9.1,1008
26/9/2022,27.3,24.6,30,2,9,1009.8
27/9/2022,27.7,24.4,30,1,6.4,1008.7
28/9/2022,28.1,24.6,31.1,1.6,7.9,1007.5
30/9/2022,29.2,25.6,32.1,3.2,8.2,1007.7
1/10/2022,28.7,25.4,31.2,0.2,9.6,1008.4
2/10/2022,28.8,25.2,31.6,0,8,1008.7
3/10/2022,28.6,24.4,31.4,0,8.2,1009.2
4/10/2022,28.6,25,32,2.8,8.6,1008.9
5/10/2022,29,27.2,31,0,9,1007.6
6/10/2022,28.6,26.5,30,0,9.4,1006
8/10/2022,26.3,23,29.4,2,11,1007.2
9/10/2022,28.1,24.6,31.2,0,8.9,1009.1
10/10/2022,28.6,24.5,31,0,8.1,1009.7
11/10/2022,28.4,26.6,31.2,0,9.2,1008.7
12/10/2022,27.8,24.4,32,2,8.7,1009.2
13/10/2022,27.4,24.6,31.6,1,6.5,1009.3
14/10/2022,27.6,23,33,0,7.9,1009.1
15/10/2022,28.3,24,34,0,7.9,1008.1
16/10/2022,30.2,25.4,34,0,10.2,1009.2
17/10/2022,29.7,27.4,33.6,0,10,1010.3
18/10/2022,28.9,27,32,0,8.6,1010.6
19/10/2022,28.7,26,32,0,10.4,1010.2
20/10/2022,29.4,26.8,32,0,8.6,1010.5
21/10/2022,29.5,26.2,33,0,6.9,1011.6
22/10/2022,29,24.8,33.8,0,11.7,1012.9
23/10/2022,28.6,22.2,34.2,0,7.9,1012.8
24/10/2022,27.8,21.6,34,0,7.9,1010.9
25/10/2022,27.9,22.2,32.4,0,7.6,1011.1
26/10/2022,28.6,21.8,34,0.2,8.1,1012.5
28/10/2022,28.4,23,34,3.4,8.8,1011.6
29/10/2022,28.3,21.6,34.4,0.4,8,1011.5
30/10/2022,28.7,22.4,35.2,0,10.4,1011.9
31/10/2022,28.5,21.4,34.4,0,7.7,1011.1
1/11/2022,27.8,22.6,33,3.6,8.2,1012.1
2/11/2022,28.3,21.8,34.2,0.2,9.1,1011.4
3/11/2022,28.5,21.4,35.6,0,8.7,1011.1
4/11/2022,28.6,21.8,36,0,7.4,1011.9
5/11/2022,28.4,21.6,35.8,0,8.7,1012.9
6/11/2022,28.6,21.4,35,1,7,1013.4
10/11/2022,28.5,24,34.6,0,8.4,1012.9
13/11/2022,28.7,24,34.4,0,10.5,1011.8
14/11/2022,28.1,22.6,34,1.2,6.8,1012
15/11/2022,28.6,22.6,34,0,6.6,1012.7
16/11/2022,28.1,22.4,33,0,7.2,1012.1
17/11/2022,28,21.6,33.8,0,10.2,1011.9
18/11/2022,27.7,22.2,32.8,0,9.4,1012.1
19/11/2022,27.2,22.4,32.8,0,10.5,1012.2
20/11/2022,25.7,21,31.4,3.2,10.4,1011.3
22/11/2022,25.6,18.2,31.8,0,7.3,1011
23/11/2022,27.4,21.2,32.4,0,8.4,1011
24/11/2022,27.7,20.8,33.2,0,6.8,1010.7
26/11/2022,29,24.4,34,1,8.1,1010.1
28/11/2022,28,22,33.4,0,6.6,1009.2
29/11/2022,26,18.4,31.6,0,6.6,1010.5
30/11/2022,27.4,21.4,35,1.2,7.7,1010.9
1/12/2022,27.6,22.8,32.4,0,8.9,1011
2/12/2022,26.9,20.2,32,0,6.3,1010.6
3/12/2022,27.6,20.2,34,0,6.4,1010.5
4/12/2022,28.3,23.4,32.6,0.2,6.4,1011
5/12/2022,28.8,24.4,34,0.2,6.5,1011.8
6/12/2022,28.8,25,34,0,5.6,1011.7
7/12/2022,28.4,24.2,32.6,0,6.3,1011.3
8/12/2022,27.6,22.4,32.6,0,9.3,1011.3
10/12/2022,26,17.8,33,0,8.6,1009.2
12/12/2022,28.8,23.8,34,0,8.7,1009.1
13/12/2022,29.8,25.8,33.4,0,8,1009.7
14/12/2022,29.8,26.8,34.2,0,9.9,1010.8
15/12/2022,28.8,25.6,33,0,9.6,1010.6
16/12/2022,29.3,24.6,34,0,7.9,1010.2
19/12/2022,29.1,24,33,0,9,1009.8
20/12/2022,28.1,22.4,33.2,0,7.7,1009.3
21/12/2022,27.6,21.4,33,0.6,7.4,1010
22/12/2022,27.2,21.4,32,0.2,6.6,1010
23/12/2022,25.8,21,30.4,0,7.5,1010.7
24/12/2022,24,17.8,30,0.4,8.7,1011.6
26/12/2022,23.7,17.4,29,0,4.9,1013
27/12/2022,25.1,18.2,31.2,0,4.5,1013.7
28/12/2022,25.9,18.6,33,0,4.2,1014.6
29/12/2022,26.5,19.6,33.2,0,7,1015.9
31/12/2022,25.6,20.4,30,1,8.6,1016.4
2/1/2023,24.9,17.2,31,0.2,8,1015
4/1/2023,24.5,18,30,0,8.3,1013.6
5/1/2023,25.7,20.4,31,0.47,7.7,1014.2
7/1/2023,27.7,23.6,32,1.85,8.9,1015.8
8/1/2023,27.4,22.6,32,3.58,7.5,1014.9
9/1/2023,26.4,20.8,31.4,1.46,9.4,1015.8
11/1/2023,25.1,18,30.4,1.85,7.4,1013.5
13/1/2023,23.8,20.6,27,0.87,10.5,1013.9
18/1/2023,24,16.4,30,2.13,8.5,1013.5
19/1/2023,23.9,16.8,29,2.48,6.9,1013.5
20/1/2023,24,17.8,29.2,0.28,6.9,1013.4
21/1/2023,24.2,18.2,28,0.51,8.6,1013.7
27/1/2023,26.3,19.6,33,0.16,6.9,1010.9
28/1/2023,26.8,20.6,33,1.02,8.9,1010.2
30/1/2023,25.3,21.4,29.4,2.09,8.7,1012.7
1/2/2023,28.3,24,33.6,1.14,10.6,1011.4
3/2/2023,27.7,21.4,33,1.93,8.2,1012.8
5/2/2023,27,20,32,2.2,7.4,1010.6
6/2/2023,26.2,19,32,3.39,9.5,1011.2
9/2/2023,28.3,20,35,1.42,8.7,1011.4
10/2/2023,27.5,20.4,33,0.98,8.2,1012.8
11/2/2023,27.1,19,33,0.39,9.4,1013.6
12/2/2023,27.7,18,35,0.12,7.7,1013.3
13/2/2023,29.7,23.6,35.6,0.08,11.1,1013.3
14/2/2023,28.6,19.6,35,0.04,8.3,1013.1
15/2/2023,27.9,19.6,33.4,0.16,6.3,1011.5
16/2/2023,29.3,19.4,36,0.24,11.1,1011.8
17/2/2023,29.5,20,35.2,0.01,9.5,1012
18/2/2023,30.3,20.8,37,0.12,9.4,1011.7
19/2/2023,28.9,20.2,37,0,7.7,1011.7
20/2/2023,28,21,36.5,0.02,7.7,1012.2
21/2/2023,27.8,20.6,34,0.08,7.8,1012.6
22/2/2023,26.9,21.2,31.2,0.2,8.8,1012.3
23/2/2023,27.8,20,34,0.08,8.3,1011.4
24/2/2023,29.1,20.8,35,0.04,8.6,1012.4
25/2/2023,29.4,21.2,36,0.04,8.5,1014.1
26/2/2023,28.9,20,35,0,9.1,1014.6
27/2/2023,28.5,21,35,1.5051859799713876,8.6,1014.2
28/2/2023,27.2,21,34.2,1.5051859799713876,6,1014.6
1/3/2023,28,21,33.2,0.02,7.1,1014.9
2/3/2023,29.9,23.2,35.2,0.16,8.3,1015.1
3/3/2023,30.6,26,36,0.08,7.3,1015.4
4/3/2023,30.4,23.2,36.8,0.16,6.3,1015.2
5/3/2023,30.8,25,37,0.98,7.3,1014.7
6/3/2023,30.7,26.4,38.6,0.24,12.6,1013.5
7/3/2023,29.4,24.5,35,0.12,10.5,1013.4
8/3/2023,30.1,21.4,35,0.08,8.6,1013.3
9/3/2023,31.7,21.6,37.6,1.77,12,1012.6
10/3/2023,30.8,23.4,36,0.98,10.1,1012
11/3/2023,31.4,23.8,38.2,0.91,8.1,1011.2
12/3/2023,31.6,26,38,0.28,9.3,1010.8
13/3/2023,31.5,25.6,36.4,0.03,8.9,1009.9
14/3/2023,30.8,26.5,36,0,9.8,1008.7
15/3/2023,29.3,25.2,35,1.5051859799713876,9.7,1007.5
16/3/2023,27.9,24,33,0.04,10.3,1009.1
17/3/2023,28,23,31.8,0.04,11,1009.8
18/3/2023,27.9,23,30.8,0.01,11.1,1008.9
19/3/2023,27.5,23.8,30.4,0,10.1,1008.9
20/3/2023,27.6,25,30.6,0,11.9,1008.7
21/3/2023,26.4,21.2,31.4,0.31,10.6,1009.4
23/3/2023,27.7,22.8,31,2.99,9.5,1010.3
24/3/2023,27.7,23.2,31.2,0.08,9.7,1010.5
25/3/2023,26.9,22.6,30.4,0,10.2,1011.4
26/3/2023,26.2,20.4,30,0,8.6,1011.3
27/3/2023,26.8,22,30.6,0.01,9.7,1010.8
28/3/2023,27.4,23.4,30.8,0.51,11,1010.1
29/3/2023,27.2,22.8,30.4,2.17,9.2,1010.6
30/3/2023,27.3,23.8,30.4,0.12,11.4,1010.2
31/3/2023,28.2,26,31.2,0.08,10.2,1009.6
1/4/2023,27.4,23.2,31.4,1.1,10.8,1010.4
2/4/2023,27.4,23,31,0.43,9.7,1009.9
3/4/2023,27.5,23.8,30.8,0.43,9.6,1009.6
4/4/2023,27.8,23.6,31.6,0.75,8.9,1010.1
5/4/2023,28.2,24.2,31.6,0.75,9.9,1010
6/4/2023,29.5,24.4,34,0.04,9.5,1009.7
7/4/2023,30.7,26.8,35.4,0.63,9.8,1010.3
8/4/2023,31.1,26.8,36,0.39,7.9,1011.7
9/4/2023,31.2,26.6,35.6,0.02,8.1,1012.2
10/4/2023,31.5,27.2,36,0.31,9.8,1010.5
11/4/2023,31.3,27.8,36.2,1.18,10.3,1010.8
12/4/2023,32.2,27.4,36.2,2.01,11,1010.2
13/4/2023,31.7,22.2,35,0.24,9.7,1010.1
14/4/2023,31.2,24.8,35,0.35,9.9,1010
15/4/2023,30.4,26,35,0.12,8.5,1010
16/4/2023,30.4,26,34,0,11.6,1008.7
17/4/2023,30.1,26.8,34,0,10.1,1008.8
18/4/2023,31.9,25,38,0,10.6,1009
19/4/2023,33.3,27.8,39,0.2,11.4,1006.7
20/4/2023,31.5,28.4,36,0.2,11.1,1005.7
21/4/2023,29.3,25.8,32.4,1,10.3,1006.3
23/4/2023,28.8,25.2,31.4,2.2,10.5,1007.3
24/4/2023,29,25,32.2,1,10.1,1007.4
25/4/2023,29.7,27.4,32.4,0,11.2,1007.5
26/4/2023,29.7,28,33.2,1.2,12.9,1008.2
27/4/2023,29.5,26.8,32.6,0.4,11.3,1008.2
28/4/2023,29.5,26.6,32.4,0,11.3,1009
29/4/2023,29.6,25,33.4,0,9.7,1008.4
30/4/2023,29.2,25.6,32,0,11,1007.2
1/5/2023,29.3,26,32.4,3.4,9.3,1007
3/5/2023,29.7,27,32.6,0.6,10.4,1009
4/5/2023,29.5,26.6,32.2,0,11,1008.3
5/5/2023,29.7,27.2,32.2,0,11.7,1007.6
6/5/2023,29.9,26.6,32.6,0,10.5,1007.8
7/5/2023,30.1,28.6,32.8,0,10.9,1007.8
8/5/2023,30.4,28.6,33.2,1.6,10.9,1007.1
9/5/2023,30.6,28.8,33,0.4,10.5,1007.5
10/5/2023,30.9,29,33.2,0.2,11.1,1006.5
11/5/2023,31.4,29,36.8,0,10.2,1006.9
12/5/2023,31.2,29,34.6,1.8,11.5,1007.5
13/5/2023,31.4,29,34.4,2.4,10.5,1008.3
14/5/2023,31.3,28.8,34.1,0.2,8.1,1007.9
15/5/2023,31.3,29.4,34.2,0,13.3,1008.8
16/5/2023,31.5,29.8,34.2,0,13.2,1010.2
17/5/2023,31.2,28.4,33.6,0,10,1010.2
18/5/2023,30.9,27.8,34.2,0,9.9,1011.2
19/5/2023,30.8,27.6,34,0,10.6,1009.7
20/5/2023,30.7,28,33.6,0,10.9,1009.2
21/5/2023,30.8,28.2,33.4,0.2,11.4,1009.8
22/5/2023,30.6,28.4,33,0,10.6,1010.4
26/5/2023,31.2,29,33.6,0,14.3,1011
27/5/2023,31.2,28.2,34,0,12.5,1010
28/5/2023,31.3,29,34,0,12.2,1008.9
29/5/2023,31.4,29.2,34,0,12.3,1008.5
30/5/2023,31.5,29,34.2,0,9.8,1008.5
1/6/2023,31.2,27.8,34.3,0.4,9.1,1008.1
2/6/2023,31.3,28.6,34,1,10.7,1008.9
3/6/2023,31.8,30,34.4,0,14.9,1008.2
4/6/2023,31.9,30.4,34,0,13.2,1007.8
5/6/2023,31.3,28.6,34.7,0.8,12.8,1007.5
6/6/2023,31.6,29,34.7,0.2,13.6,1007
7/6/2023,31.4,28.8,34.7,1.4,14.9,1006.6
8/6/2023,32.1,29.8,35.2,1.6,11.8,1006.9
9/6/2023,32.6,30,36.2,0,15,1005.1
17/6/2023,31,26.8,33.8,0,17.2,1006.5
18/6/2023,30.8,28.6,33,0,16,1007.1
19/6/2023,30.7,28.6,33.4,0,13.9,1005.9
21/6/2023,31.2,29.6,33.4,1.6,14.5,1005.5
22/6/2023,31.2,29.8,34,2.8,14.9,1005.8
23/6/2023,31.2,29,34,0.4,12.9,1004.8
24/6/2023,27.4,25.4,32.4,0,8.9,1003.6
25/6/2023,26.9,23.6,29,0,8.6,1004
26/6/2023,27.7,24.6,31,2.4,11.1,1004.8
27/6/2023,28.4,25,30.2,0,12,1004.9
28/6/2023,27,26,30.4,0,11.7,1005.5
29/6/2023,27.7,24.8,29.4,0.4,14.2,1005.7
30/6/2023,26.9,25,29,0,15.7,1005.6
1/7/2023,27.9,24.2,29,0.4,15.2,1006.3
2/7/2023,27.8,26,30.2,2.6,11.7,1005.3
4/7/2023,27.3,25.4,29,3.2,5.3,1001.7
5/7/2023,27.2,26,29,0,6.5,1000.2
6/7/2023,26.9,22.5,28,0,10.7,1001.6
7/7/2023,27.9,25.4,30.4,0.8,14.2,1002.4
8/7/2023,29.3,25.8,31.1,0.2,15.9,1004.5
9/7/2023,28.7,25.6,31.2,0,14.7,1005.6
10/7/2023,29.7,26.2,31.6,0,15.9,1006.2
11/7/2023,29.4,27,31.8,0,13.8,1006.5
12/7/2023,29.1,27.6,30.2,1.8,14,1005.1
14/7/2023,26.6,25,29,0,8.9,1006.5
15/7/2023,29.4,24.8,31,0.6,12.3,1006.9
17/7/2023,26.7,25,28,0.4,12.1,1004.8
18/7/2023,27.3,24.4,28,0,13.9,1003.4
19/7/2023,27.2,24.8,28,0,15.6,1001.1
20/7/2023,27.3,25,28,1.4,13.5,1001.7
21/7/2023,26.6,25,28,2,12.5,1003.9
22/7/2023,26.6,23.8,28,0,13.9,1004.3
23/7/2023,26.9,24.9,29,0,13.6,1003.3
24/7/2023,27.3,25,28,1.2,13.1,1003.8
25/7/2023,27.1,24.8,28,0.2,16.3,1005.5
26/7/2023,26.3,25,28,0,14.7,1006.5
27/7/2023,26.3,24.4,28.2,0,15.8,1006.9
28/7/2023,26.7,24.6,28,0,15.7,1007.1
29/7/2023,27.6,24.6,29.2,0,15,1007.5
30/7/2023,28.3,25.6,30,1,14.8,1006.7
2/8/2023,28.7,26.8,30.8,0,15,1006.9
3/8/2023,28.3,26.8,30,0,16.2,1006.2
5/8/2023,28.8,26,30,0,16.1,1009.1
6/8/2023,28.6,27,30.4,3.4,16.2,1008.7
7/8/2023,28.7,27.5,31,0,15.1,1007.1
8/8/2023,28.9,27,31,0,16.2,1007.4
10/8/2023,28.6,26,31.3,2.8,14.5,1010.1
11/8/2023,28.7,26.2,31.3,3,15.6,1009.6
13/8/2023,28.9,26.8,31.2,0,16.1,1007.8
14/8/2023,29.1,27,31,0,16.3,1008.1
15/8/2023,29,27,30.4,0,13.8,1008.2
16/8/2023,29,28,31.2,1.8,14.4,1009.2
17/8/2023,29,28,31,0,15.2,1009.2
18/8/2023,29.2,27,31,0,13.9,1008.1
19/8/2023,28.6,26,30,0,14.1,1006.6
20/8/2023,28.7,26,30,0,14.1,1006.6
21/8/2023,28.2,25.4,31.2,0,13.5,1007.2
22/8/2023,27.6,25.2,29,0,8.5,1007.3
23/8/2023,28.3,25.2,30.2,0,12.4,1007.2
24/8/2023,28.4,26.1,30.8,2.2,12.9,1006.2
25/8/2023,28.5,27,31,0.6,14.1,1006.2
26/8/2023,27.4,24,30,0,14.3,1007.7
27/8/2023,27.2,24.8,30.8,0,11.8,1008.9
28/8/2023,28.3,25,30.6,0,10.7,1008.3
29/8/2023,28.9,25.6,31.2,0.8,11,1008.1
30/8/2023,29,25.4,31.6,2.4,9.9,1008.9
31/8/2023,29.5,25.4,32,0,10,1008.6
1/9/2023,29.6,27.2,32,0,10.1,1008.5
2/9/2023,27.8,25.4,29,0,9.6,1008.5
3/9/2023,27.1,24.2,28,0,9.7,1007.6
4/9/2023,28.8,25,32,0,9.8,1006.5
5/9/2023,29.2,24.6,32,0,8.9,1005.9
6/9/2023,29.5,25.7,32,1.6,11.2,1005.8
7/9/2023,26.4,24.4,29,0,10.6,1005.5
8/9/2023,27.2,23.8,29,0,12.4,1005.7
9/9/2023,28.8,24.2,30,0,13.3,1005.7
10/9/2023,29.1,26.8,31.6,0,14.2,1006
11/9/2023,29.2,26.5,31.6,0,13.2,1006.4
12/9/2023,29.1,26.6,31.6,0,14,1007.3
14/9/2023,26.8,25,31.2,0,9.6,1006.6
15/9/2023,28.4,23.8,31.8,0,10.2,1006.5
16/9/2023,28.8,25,30.2,0,15.8,1005.9
17/9/2023,28.2,25,30.6,0.4,14.1,1005.1
18/9/2023,28.1,25.6,31.6,0.02,12.9,1004.9
19/9/2023,29.6,25.2,32,0,12.6,1006.3
20/9/2023,27.8,25.8,32,1.5051859799713876,10.1,1006.9
21/9/2023,28.2,25.7,32.6,1.5051859799713876,9.8,1007.6
22/9/2023,27.1,25.4,28.2,0.79,6.1,1007.9
23/9/2023,26.8,25.4,29,2.72,6.4,1008.7
24/9/2023,26.7,24.6,29.2,0.59,6.1,1009.1
25/9/2023,28.2,24.8,31.2,0.35,8.3,1007.8
26/9/2023,28.4,25.4,31,0,9.6,1007.4
27/9/2023,27.2,25,30.2,0.43,9,1007.1
28/9/2023,28.2,23.9,33,0.16,7.4,1005.5
29/9/2023,28.7,24.7,33.2,0,7,1004.8
30/9/2023,29.1,24.4,33,0.01,9.5,1004.6
1/10/2023,28.4,25,31,0,10.4,1005.7
2/10/2023,28.3,24.4,31,0.79,12.1,1008.7
3/10/2023,28.6,25,30.6,0.71,9,1009.9
4/10/2023,28.9,26.2,31.6,0.16,9.1,1010.6
5/10/2023,29.2,25.8,32.2,0.35,8.7,1010.2
6/10/2023,29.1,25.6,31.8,0.59,10,1009.3
7/10/2023,29.3,26,32.6,0.28,9.3,1009.6
8/10/2023,29.9,26,33,0.01,9.7,1010.3
9/10/2023,30.9,27.4,36,0.28,8.6,1011.5
10/10/2023,30.4,26.6,35,0.55,9.2,1011.6
11/10/2023,30.1,27.2,33,2.6,11.2,1011.5
12/10/2023,30.3,26.2,34.2,1.3,8.4,1011.4
13/10/2023,30.7,27.8,34.4,0.98,8.1,1011.9
14/10/2023,30.9,27.2,34.4,0.35,8.8,1011.9
15/10/2023,30.8,27.6,34.4,2.05,9.4,1010.5
16/10/2023,31.1,28,35.4,0.03,9,1010.1
17/10/2023,30.8,27.4,34.2,0.08,7.8,1011.4
18/10/2023,31.7,28.4,37,0.55,8.2,1012.1
19/10/2023,31,25.2,36,0.75,8.9,1011.8
20/10/2023,31,26.6,36,0.94,7.8,1011.5
23/10/2023,31.1,26.4,36,0.16,9,1011.7
24/10/2023,30.9,25.2,36,0.75,8.7,1011.3
26/10/2023,30.1,24,36,0,9.9,1012.9
28/10/2023,30.1,22.8,36,0.2,8.9,1011.4
29/10/2023,29.8,23,35,1.93,8.6,1011.1
30/10/2023,30.1,24.4,36,0.04,8.4,1010.8
31/10/2023,29.9,24.4,36,1.97,9.1,1011.7
1/11/2023,30,24,35,3.66,8.4,1012.3
2/11/2023,29.9,23.4,36,3.11,8,1011.6
3/11/2023,30.5,24,36,3.66,8.3,1009.8
5/11/2023,30.4,25.4,35.2,1.65,9.3,1010.7
6/11/2023,30,24.6,35,1.81,8.2,1012.1
7/11/2023,29.7,23.6,35,2.68,8.4,1012
8/11/2023,29.2,25,34,3.66,9.1,1011.6
9/11/2023,29.6,26.2,34,0,10.7,1012.2
10/11/2023,29.5,26,34.4,0.35,8.1,1013.3
11/11/2023,30.8,26,36,0.35,9.6,1013.5
12/11/2023,31.3,25.2,36,0.59,6.9,1013.5
13/11/2023,30.6,25.4,36,0.47,8.7,1012.9
14/11/2023,29.6,24.2,35,0.08,8.1,1012.6
15/11/2023,29.4,24.2,34.6,0.28,8.5,1012.5
16/11/2023,29,24.4,34.4,0.75,7.8,1012.8
18/11/2023,29,23.2,34.6,0.47,8.7,1011.9
19/11/2023,29.3,23.2,34,0.39,7.4,1011.8
20/11/2023,30.6,25.4,35.4,0.91,8.5,1011.9
21/11/2023,30.4,26,35.2,0.12,9.3,1011.9
22/11/2023,29.7,24.8,35.2,0.12,10.7,1011.3
23/11/2023,29,23.4,34.8,0.12,8.2,1009.7
24/11/2023,30,24,35.6,0.31,8.7,1009.4
25/11/2023,30.2,25.6,34.8,1.5051859799713876,8.7,1011.2
26/11/2023,26.8,22.7,32,1.5051859799713876,11.4,1011.4
27/11/2023,27.7,22,30,1.5051859799713876,9.6,1011
28/11/2023,27.3,23.5,31,1.5051859799713876,9,1010.2
29/11/2023,26.6,22.6,30.6,0.12,8.1,1011.2
30/11/2023,26.5,21.2,31.4,0.01,8.2,1011.6
1/12/2023,26.7,22.2,30,0,8.6,1011.3
2/12/2023,27.6,22.8,31.2,1.5051859799713876,7.7,1010.2
3/12/2023,29.2,24.6,34,1.5051859799713876,7.8,1010.3
4/12/2023,29.4,24.8,33,1.5051859799713876,9,1009.6
5/12/2023,28.7,25.4,33,0.16,9.1,1008.8
6/12/2023,28.4,25.2,33,2.28,11.5,1009.6
7/12/2023,27.5,23.4,31,3.27,9.2,1010.8
8/12/2023,27.8,23.4,32,0.39,9.8,1011.3
9/12/2023,28,22.8,32.4,0.2,8.6,1012.2
10/12/2023,28.4,22.6,33.4,0.43,8.3,1011.1
11/12/2023,28,23,32.2,0.24,8.2,1011.6
12/12/2023,27.3,22.2,32,0,8.4,1010.9
13/12/2023,27.2,21,32,0.12,7.4,1011.5
14/12/2023,28,22.6,34.4,0.02,8.5,1012.6
15/12/2023,27.5,22,33,0,9,1013.9
16/12/2023,27.3,20.6,32.2,0.87,9.6,1013.3
17/12/2023,27.7,21.4,33,0.47,11.3,1012.2
18/12/2023,28.2,25,32.4,0.94,11.5,1013.1
19/12/2023,27.7,25,32.8,0.39,11.7,1013.9
20/12/2023,27,22.6,32.2,0.24,9.8,1013.7
21/12/2023,27.8,23.2,33,0.28,8.7,1012.9
22/12/2023,28,23.6,32,1,7.2,1012.8
23/12/2023,28.1,21.2,34,0.4,8,1013.4
25/12/2023,28.8,25,34,0,9.4,1014.6
26/12/2023,28.2,22,35,0,7.1,1014.6
27/12/2023,27.9,21,34,0,7.3,1014.8
28/12/2023,27.8,21.6,34,0,8.7,1013.3
29/12/2023,28.1,21.4,34,0,7.1,1013.3
30/12/2023,27.9,21.6,33,0,7.5,1012.8
31/12/2023,27.7,21.8,34,0,6.7,1012.3
1/1/2024,27.2,21.6,32,0.2,6.9,1012.6